0.000000000000000000e+00,0.000000000000000000e+00,1.000000000000000000e+00,0.000000000000000000e+00,1.000000000000000000e+00,0.000000000000000000e+00,-1.000000000000000000e+00,0.000000000000000000e+00,0.000000000000000000e+00,0.000000000000000000e+00,0.000000000000000000e+00,5.000000000000000000e-01,0.000000000000000000e+00
0.000000000000000000e+00,0.000000000000000000e+00,1.000000000000000000e+00,0.000000000000000000e+00,1.000000000000000000e+00,0.000000000000000000e+00,-1.000000000000000000e+00,0.000000000000000000e+00,0.000000000000000000e+00,3.837963573282823383e-07,0.000000000000000000e+00,5.000000775004823650e-01,0.000000000000000000e+00
-2.303896668781659646e-06,0.000000000000000000e+00,9.999999999973460119e-01,0.000000000000000000e+00,1.000000000000000000e+00,0.000000000000000000e+00,-9.999999999973460119e-01,0.000000000000000000e+00,-2.303896668781659646e-06,3.055004388936479423e-06,0.000000000000000000e+00,5.000006168972257470e-01,0.000000000000000000e+00
-7.736643148285725385e-06,0.000000000000000000e+00,9.999999999700721620e-01,0.000000000000000000e+00,1.000000000000000000e+00,0.000000000000000000e+00,-9.999999999700721620e-01,0.000000000000000000e+00,-7.736643148285725385e-06,1.025892005419842027e-05,0.000000000000000000e+00,5.000020715553594730e-01,0.000000000000000000e+00
-1.824649424333940197e-05,0.000000000000000000e+00,9.999999998335327156e-01,0.000000000000000000e+00,1.000000000000000000e+00,0.000000000000000000e+00,-9.999999998335327156e-01,0.000000000000000000e+00,-1.824649424333940197e-05,2.419518656304954263e-05,0.000000000000000000e+00,5.000048855347923871e-01,0.000000000000000000e+00
-3.545806059471860603e-05,0.000000000000000000e+00,9.999999993713629687e-01,0.000000000000000000e+00,1.000000000000000000e+00,0.000000000000000000e+00,-9.999999993713629687e-01,0.000000000000000000e+00,-3.545806059471860603e-05,4.701812143596154292e-05,0.000000000000000000e+00,5.000094935609757929e-01,0.000000000000000000e+00
-6.096197708661976489e-05,0.000000000000000000e+00,9.999999981418187245e-01,0.000000000000000000e+00,1.000000000000000000e+00,0.000000000000000000e+00,-9.999999981418187245e-01,0.000000000000000000e+00,-6.096197708661976489e-05,8.083705014756022958e-05,0.000000000000000000e+00,5.000163209630177352e-01,0.000000000000000000e+00
-9.631513553255124840e-05,0.000000000000000000e+00,9.999999953616973691e-01,0.000000000000000000e+00,1.000000000000000000e+00,0.000000000000000000e+00,-9.999999953616973691e-01,0.000000000000000000e+00,-9.631513553255124840e-05,1.277166457535885361e-04,0.000000000000000000e+00,5.000257835820649532e-01,0.000000000000000000e+00
-1.430409173343995624e-04,0.000000000000000000e+00,9.999999897696478790e-01,0.000000000000000000e+00,1.000000000000000000e+00,0.000000000000000000e+00,-9.999999897696478790e-01,0.000000000000000000e+00,-1.430409173343995624e-04,1.896772740012027695e-04,0.000000000000000000e+00,5.000382876523474796e-01,0.000000000000000000e+00
-2.026294260976390662e-04,0.000000000000000000e+00,9.999999794706576628e-01,0.000000000000000000e+00,1.000000000000000000e+00,0.000000000000000000e+00,-9.999999794706576628e-01,0.000000000000000000e+00,-2.026294260976390662e-04,2.686953434212812687e-04,0.000000000000000000e+00,5.000542296572522138e-01,0.000000000000000000e+00
-2.765377201802625786e-04,0.000000000000000000e+00,9.999999617634439675e-01,0.000000000000000000e+00,1.000000000000000000e+00,0.000000000000000000e+00,-9.999999617634439675e-01,0.000000000000000000e+00,-2.765377201802625786e-04,3.667036599103898039e-04,0.000000000000000000e+00,5.000739961627087560e-01,0.000000000000000000e+00
-3.661900451472747692e-04,0.000000000000000000e+00,9.999999329524231761e-01,0.000000000000000000e+00,1.000000000000000000e+00,0.000000000000000000e+00,-9.999999329524231761e-01,0.000000000000000000e+00,-3.661900451472747692e-04,4.855917853170079899e-04,0.000000000000000000e+00,5.000979636301010611e-01,0.000000000000000000e+00
-4.729780660966453930e-04,0.000000000000000000e+00,9.999998881458682654e-01,0.000000000000000000e+00,1.000000000000000000e+00,0.000000000000000000e+00,-9.999998881458682654e-01,0.000000000000000000e+00,-4.729780660966453930e-04,6.272063995556243160e-04,0.000000000000000000e+00,5.001264982108295509e-01,0.000000000000000000e+00
-5.982610998165727558e-04,0.000000000000000000e+00,9.999998210418121758e-01,0.000000000000000000e+00,1.000000000000000000e+00,0.000000000000000000e+00,-9.999998210418121758e-01,0.000000000000000000e+00,-5.982610998165727558e-04,7.933516657783490919e-04,0.000000000000000000e+00,5.001599555245789253e-01,0.000000000000000000e+00
-7.433663467278891004e-04,0.000000000000000000e+00,9.999997237031991171e-01,0.000000000000000000e+00,1.000000000000000000e+00,0.000000000000000000e+00,-9.999997237031991171e-01,0.000000000000000000e+00,-7.433663467278891004e-04,9.857895981406400356e-04,0.000000000000000000e+00,5.001986804232708694e-01,0.000000000000000000e+00
-9.095891225595033802e-04,0.000000000000000000e+00,9.999995863237285398e-01,0.000000000000000000e+00,1.000000000000000000e+00,0.000000000000000000e+00,-9.999995863237285398e-01,0.000000000000000000e+00,-9.095891225595033802e-04,1.206240431705200150e-03,0.000000000000000000e+00,5.002430067426038018e-01,0.000000000000000000e+00
-1.098193089699077288e-03,0.000000000000000000e+00,9.999993969857871035e-01,0.000000000000000000e+00,1.000000000000000000e+00,0.000000000000000000e+00,-9.999993969857871035e-01,0.000000000000000000e+00,-1.098193089699077288e-03,1.456382994033780841e-03,0.000000000000000000e+00,5.002932570430146386e-01,0.000000000000000000e+00
-1.310410488155665330e-03,0.000000000000000000e+00,9.999991414118076793e-01,0.000000000000000000e+00,1.000000000000000000e+00,0.000000000000000000e+00,-9.999991414118076793e-01,0.000000000000000000e+00,-1.310410488155665330e-03,1.737855078024442331e-03,0.000000000000000000e+00,5.003497423418198364e-01,0.000000000000000000e+00
-1.547442366065963134e-03,0.000000000000000000e+00,9.999988027103451360e-01,0.000000000000000000e+00,1.000000000000000000e+00,0.000000000000000000e+00,-9.999988027103451360e-01,0.000000000000000000e+00,-1.547442366065963134e-03,2.052253815558298822e-03,0.000000000000000000e+00,5.004127618382294695e-01,0.000000000000000000e+00
-1.810458809671114475e-03,0.000000000000000000e+00,9.999983611181062493e-01,0.000000000000000000e+00,1.000000000000000000e+00,0.000000000000000000e+00,-9.999983611181062493e-01,0.000000000000000000e+00,-1.810458809671114475e-03,2.401136051527539509e-03,0.000000000000000000e+00,5.004826026328539346e-01,0.000000000000000000e+00
-2.100599172686777507e-03,0.000000000000000000e+00,9.999977937391240079e-01,0.000000000000000000e+00,1.000000000000000000e+00,0.000000000000000000e+00,-9.999977937391240079e-01,0.000000000000000000e+00,-2.100599172686777507e-03,2.786018717823544009e-03,0.000000000000000000e+00,5.005595394432627021e-01,0.000000000000000000e+00
-2.418972304985461935e-03,0.000000000000000000e+00,9.999970742822139602e-01,0.000000000000000000e+00,1.000000000000000000e+00,0.000000000000000000e+00,-9.999970742822139602e-01,0.000000000000000000e+00,-2.418972304985461935e-03,3.208379206873061135e-03,0.000000000000000000e+00,5.006438343170791505e-01,0.000000000000000000e+00
-2.766656780506928769e-03,0.000000000000000000e+00,9.999961727978057269e-01,0.000000000000000000e+00,1.000000000000000000e+00,0.000000000000000000e+00,-9.999961727978057269e-01,0.000000000000000000e+00,-2.766656780506928769e-03,3.669655744318090201e-03,0.000000000000000000e+00,5.007357363440422260e-01,0.000000000000000000e+00
-3.144701124309851655e-03,0.000000000000000000e+00,9.999950554151949556e-01,0.000000000000000000e+00,1.000000000000000000e+00,0.000000000000000000e+00,-9.999950554151949556e-01,0.000000000000000000e+00,-3.144701124309851655e-03,4.171247760444487217e-03,0.000000000000000000e+00,5.008354813683937312e-01,0.000000000000000000e+00
-3.554124038675969197e-03,0.000000000000000000e+00,9.999936840812134742e-01,0.000000000000000000e+00,1.000000000000000000e+00,0.000000000000000000e+00,-9.999936840812134742e-01,0.000000000000000000e+00,-3.554124038675969197e-03,4.714516259974418054e-03,0.000000000000000000e+00,5.009432917028939780e-01,0.000000000000000000e+00
-3.995914628176532209e-03,0.000000000000000000e+00,9.999920163012724350e-01,0.000000000000000000e+00,1.000000000000000000e+00,0.000000000000000000e+00,-9.999920163012724350e-01,0.000000000000000000e+00,-3.995914628176532209e-03,5.300784189847389770e-03,0.000000000000000000e+00,5.010593758457052571e-01,0.000000000000000000e+00
-4.471032623610156354e-03,0.000000000000000000e+00,9.999900048836881661e-01,0.000000000000000000e+00,1.000000000000000000e+00,0.000000000000000000e+00,-9.999900048836881661e-01,0.000000000000000000e+00,-4.471032623610156354e-03,5.931336804625759844e-03,0.000000000000000000e+00,5.011839282013265118e-01,0.000000000000000000e+00
-4.980408604721056620e-03,0.000000000000000000e+00,9.999875976881563711e-01,0.000000000000000000e+00,1.000000000000000000e+00,0.000000000000000000e+00,-9.999875976881563711e-01,0.000000000000000000e+00,-4.980408604721056620e-03,6.607422029172239225e-03,0.000000000000000000e+00,5.013171288067018727e-01,0.000000000000000000e+00
-5.524944221607249427e-03,0.000000000000000000e+00,9.999847373792002392e-01,0.000000000000000000e+00,1.000000000000000000e+00,0.000000000000000000e+00,-9.999847373792002392e-01,0.000000000000000000e+00,-5.524944221607249427e-03,7.330250818258422785e-03,0.000000000000000000e+00,5.014591430635743086e-01,0.000000000000000000e+00
-6.105512414729508987e-03,0.000000000000000000e+00,9.999813611853740625e-01,0.000000000000000000e+00,1.000000000000000000e+00,0.000000000000000000e+00,-9.999813611853740625e-01,0.000000000000000000e+00,-6.105512414729508987e-03,8.100997512776804063e-03,0.000000000000000000e+00,5.016101214780962492e-01,0.000000000000000000e+00
-6.722957633433673461e-03,0.000000000000000000e+00,9.999774006649645441e-01,0.000000000000000000e+00,1.000000000000000000e+00,0.000000000000000000e+00,-9.999774006649645441e-01,0.000000000000000000e+00,-6.722957633433673461e-03,8.920800192241583326e-03,0.000000000000000000e+00,5.017701994086580797e-01,0.000000000000000000e+00
-7.378096052901506746e-03,0.000000000000000000e+00,9.999727814788931246e-01,0.000000000000000000e+00,1.000000000000000000e+00,0.000000000000000000e+00,-9.999727814788931246e-01,0.000000000000000000e+00,-7.378096052901506746e-03,9.790761023277578037e-03,0.000000000000000000e+00,5.019394968228444442e-01,0.000000000000000000e+00
-8.071715789448328029e-03,0.000000000000000000e+00,9.999674231714823502e-01,0.000000000000000000e+00,1.000000000000000000e+00,0.000000000000000000e+00,-9.999674231714823502e-01,0.000000000000000000e+00,-8.071715789448328029e-03,1.071194660381120586e-02,0.000000000000000000e+00,5.021181180643767838e-01,0.000000000000000000e+00
-8.804577114089525217e-03,0.000000000000000000e+00,9.999612389597118955e-01,0.000000000000000000e+00,1.000000000000000000e+00,0.000000000000000000e+00,-9.999612389597118955e-01,0.000000000000000000e+00,-8.804577114089525217e-03,1.168538830269271606e-02,0.000000000000000000e+00,5.023061516308477970e-01,0.000000000000000000e+00
-9.577412664302221296e-03,0.000000000000000000e+00,9.999541355315541002e-01,0.000000000000000000e+00,1.000000000000000000e+00,0.000000000000000000e+00,-9.999541355315541002e-01,0.000000000000000000e+00,-9.577412664302221296e-03,1.271208259449406464e-02,0.000000000000000000e+00,5.025036699630139880e-01,0.000000000000000000e+00
-1.039092765391344195e-02,0.000000000000000000e+00,9.999460128539395809e-01,0.000000000000000000e+00,1.000000000000000000e+00,0.000000000000000000e+00,-9.999460128539395809e-01,0.000000000000000000e+00,-1.039092765391344195e-02,1.379299138924385167e-02,0.000000000000000000e+00,5.027107292463556254e-01,0.000000000000000000e+00
-1.124580008105155113e-02,0.000000000000000000e+00,9.999367639908720573e-01,0.000000000000000000e+00,1.000000000000000000e+00,0.000000000000000000e+00,-9.999367639908720573e-01,0.000000000000000000e+00,-1.124580008105155113e-02,1.492904235687657170e-02,0.000000000000000000e+00,5.029273692255753492e-01,0.000000000000000000e+00
-1.214268093410370702e-02,0.000000000000000000e+00,9.999262749321734534e-01,0.000000000000000000e+00,1.000000000000000000e+00,0.000000000000000000e+00,-9.999262749321734534e-01,0.000000000000000000e+00,-1.214268093410370702e-02,1.612112924619137078e-02,0.000000000000000000e+00,5.031536130326600409e-01,0.000000000000000000e+00
-1.308219439562852658e-02,0.000000000000000000e+00,9.999144244333086906e-01,0.000000000000000000e+00,1.000000000000000000e+00,0.000000000000000000e+00,-9.999144244333086906e-01,0.000000000000000000e+00,-1.308219439562852658e-02,1.737011219813265617e-02,0.000000000000000000e+00,5.033894670290864903e-01,0.000000000000000000e+00
-1.406493804418033379e-02,0.000000000000000000e+00,9.999010838667059531e-01,0.000000000000000000e+00,1.000000000000000000e+00,0.000000000000000000e+00,-9.999010838667059531e-01,0.000000000000000000e+00,-1.406493804418033379e-02,1.867681805322335756e-02,0.000000000000000000e+00,5.036349206627105390e-01,0.000000000000000000e+00
-1.509148305400846365e-02,0.000000000000000000e+00,9.998861170849561164e-01,0.000000000000000000e+00,1.000000000000000000e+00,0.000000000000000000e+00,-9.998861170849561164e-01,0.000000000000000000e+00,-1.509148305400846365e-02,2.004204065299968265e-02,0.000000000000000000e+00,5.038899463398397449e-01,0.000000000000000000e+00
-1.616237439260324177e-02,0.000000000000000000e+00,9.998693802962431709e-01,0.000000000000000000e+00,1.000000000000000000e+00,0.000000000000000000e+00,-9.998693802962431709e-01,0.000000000000000000e+00,-1.616237439260324177e-02,2.146654113531545199e-02,0.000000000000000000e+00,5.041544993129483121e-01,0.000000000000000000e+00
-1.727813101606807608e-02,0.000000000000000000e+00,9.998507219523280476e-01,0.000000000000000000e+00,1.000000000000000000e+00,0.000000000000000000e+00,-9.998507219523280476e-01,0.000000000000000000e+00,-1.727813101606807608e-02,2.295104822340252385e-02,0.000000000000000000e+00,5.044285175844548386e-01,0.000000000000000000e+00
-1.843924606230611107e-02,0.000000000000000000e+00,9.998299826493770581e-01,0.000000000000000000e+00,1.000000000000000000e+00,0.000000000000000000e+00,-9.998299826493770581e-01,0.000000000000000000e+00,-1.843924606230611107e-02,2.449625850859397588e-02,0.000000000000000000e+00,5.047119218269481289e-01,0.000000000000000000e+00
-1.964618704201804775e-02,0.000000000000000000e+00,9.998069950418980723e-01,0.000000000000000000e+00,1.000000000000000000e+00,0.000000000000000000e+00,-9.998069950418980723e-01,0.000000000000000000e+00,-1.964618704201804775e-02,2.610283672663503418e-02,0.000000000000000000e+00,5.050046153202073507e-01,0.000000000000000000e+00
-2.089939602751770750e-02,0.000000000000000000e+00,9.997815837700176900e-01,0.000000000000000000e+00,1.000000000000000000e+00,0.000000000000000000e+00,-9.997815837700176900e-01,0.000000000000000000e+00,-2.089939602751770750e-02,2.777141602752807720e-02,0.000000000000000000e+00,5.053064839053286184e-01,0.000000000000000000e+00
-2.219928983938034006e-02,0.000000000000000000e+00,9.997535654003075756e-01,0.000000000000000000e+00,1.000000000000000000e+00,0.000000000000000000e+00,-9.997535654003075756e-01,0.000000000000000000e+00,-2.219928983938034006e-02,2.950259823887586494e-02,0.000000000000000000e+00,5.056173959562372255e-01,0.000000000000000000e+00
-2.354626023094883239e-02,0.000000000000000000e+00,9.997227483803379222e-01,0.000000000000000000e+00,1.000000000000000000e+00,0.000000000000000000e+00,-9.997227483803379222e-01,0.000000000000000000e+00,-2.354626023094883239e-02,3.129695412270862981e-02,0.000000000000000000e+00,5.059372023688292197e-01,0.000000000000000000e+00
-2.494067407073245757e-02,0.000000000000000000e+00,9.996889330071117019e-01,0.000000000000000000e+00,1.000000000000000000e+00,0.000000000000000000e+00,-9.996889330071117019e-01,0.000000000000000000e+00,-2.494067407073245757e-02,3.315502362579994533e-02,0.000000000000000000e+00,5.062657365679543719e-01,0.000000000000000000e+00
-2.638287352274248584e-02,0.000000000000000000e+00,9.996519114095080427e-01,0.000000000000000000e+00,1.000000000000000000e+00,0.000000000000000000e+00,-9.996519114095080427e-01,0.000000000000000000e+00,-2.638287352274248584e-02,3.507731612349559991e-02,0.000000000000000000e+00,5.066028145324229515e-01,0.000000000000000000e+00
-2.787317622481904136e-02,0.000000000000000000e+00,9.996114675448357634e-01,0.000000000000000000e+00,1.000000000000000000e+00,0.000000000000000000e+00,-9.996114675448357634e-01,0.000000000000000000e+00,-2.787317622481904136e-02,3.706431065710069639e-02,0.000000000000000000e+00,5.069482348381859627e-01,0.000000000000000000e+00
-2.941187546501329228e-02,0.000000000000000000e+00,9.995673772095758913e-01,0.000000000000000000e+00,1.000000000000000000e+00,0.000000000000000000e+00,-9.995673772095758913e-01,0.000000000000000000e+00,-2.941187546501329228e-02,3.911645616488883953e-02,0.000000000000000000e+00,5.073017787198079720e-01,0.000000000000000000e+00
-3.099924035609926201e-02,0.000000000000000000e+00,9.995194080643681200e-01,0.000000000000000000e+00,1.000000000000000000e+00,0.000000000000000000e+00,-9.995194080643681200e-01,0.000000000000000000e+00,-3.099924035609926201e-02,4.123417170681701466e-02,0.000000000000000000e+00,5.076632101503276706e-01,0.000000000000000000e+00
-3.263551600829927429e-02,0.000000000000000000e+00,9.994673196732707376e-01,0.000000000000000000e+00,1.000000000000000000e+00,0.000000000000000000e+00,-9.994673196732707376e-01,0.000000000000000000e+00,-3.263551600829927429e-02,4.341784668304998068e-02,0.000000000000000000e+00,5.080322759395672350e-01,0.000000000000000000e+00
-3.432092370031680079e-02,0.000000000000000000e+00,9.994108635573044630e-01,0.000000000000000000e+00,1.000000000000000000e+00,0.000000000000000000e+00,-9.994108635573044630e-01,0.000000000000000000e+00,-3.432092370031680079e-02,4.566784104641533754e-02,0.000000000000000000e+00,5.084087058509283441e-01,0.000000000000000000e+00
-3.605566104878035749e-02,0.000000000000000000e+00,9.993497832622647570e-01,0.000000000000000000e+00,1.000000000000000000e+00,0.000000000000000000e+00,-9.993497832622647570e-01,0.000000000000000000e+00,-3.605566104878035749e-02,4.798448550893116837e-02,0.000000000000000000e+00,5.087922127366834024e-01,0.000000000000000000e+00
-3.783990217621169272e-02,0.000000000000000000e+00,9.992838144407697465e-01,0.000000000000000000e+00,1.000000000000000000e+00,0.000000000000000000e+00,-9.992838144407697465e-01,0.000000000000000000e+00,-3.783990217621169272e-02,5.036808174256510173e-02,0.000000000000000000e+00,5.091824926917484229e-01,0.000000000000000000e+00
-3.967379787764083177e-02,0.000000000000000000e+00,9.992126849484869178e-01,0.000000000000000000e+00,1.000000000000000000e+00,0.000000000000000000e+00,-9.992126849484869178e-01,0.000000000000000000e+00,-3.967379787764083177e-02,5.281890257440236686e-02,0.000000000000000000e+00,5.095792252258947164e-01,0.000000000000000000e+00
-4.155747578599967157e-02,0.000000000000000000e+00,9.991361149544620845e-01,0.000000000000000000e+00,1.000000000000000000e+00,0.000000000000000000e+00,-9.991361149544620845e-01,0.000000000000000000e+00,-4.155747578599967157e-02,5.533719217641829002e-02,0.000000000000000000e+00,5.099820734543329959e-01,0.000000000000000000e+00
-4.349104053643515488e-02,0.000000000000000000e+00,9.990538170654562622e-01,0.000000000000000000e+00,1.000000000000000000e+00,0.000000000000000000e+00,-9.990538170654562622e-01,0.000000000000000000e+00,-4.349104053643515488e-02,5.792316625006713876e-02,0.000000000000000000e+00,5.103906843065836307e-01,0.000000000000000000e+00
-4.547457392969136980e-02,0.000000000000000000e+00,9.989654964641736523e-01,0.000000000000000000e+00,1.000000000000000000e+00,0.000000000000000000e+00,-9.989654964641736523e-01,0.000000000000000000e+00,-4.547457392969136980e-02,6.057701220591703295e-02,0.000000000000000000e+00,5.108046887535165892e-01,0.000000000000000000e+00
-4.750813509471837892e-02,0.000000000000000000e+00,9.988708510612480662e-01,0.000000000000000000e+00,1.000000000000000000e+00,0.000000000000000000e+00,-9.988708510612480662e-01,0.000000000000000000e+00,-4.750813509471837892e-02,6.329888933857516498e-02,0.000000000000000000e+00,5.112237020524290632e-01,0.000000000000000000e+00
-4.959176065067403411e-02,0.000000000000000000e+00,9.987695716608342433e-01,0.000000000000000000e+00,1.000000000000000000e+00,0.000000000000000000e+00,-9.987695716608342433e-01,0.000000000000000000e+00,-4.959176065067403411e-02,6.608892899716556357e-02,0.000000000000000000e+00,5.116473240100001263e-01,0.000000000000000000e+00
-5.172546486849221442e-02,0.000000000000000000e+00,9.986613421396356438e-01,0.000000000000000000e+00,1.000000000000000000e+00,0.000000000000000000e+00,-9.986613421396356438e-01,0.000000000000000000e+00,-5.172546486849221442e-02,6.894723475163379300e-02,0.000000000000000000e+00,5.120751392629467880e-01,0.000000000000000000e+00
-5.390923983219882143e-02,0.000000000000000000e+00,9.985458396391797553e-01,0.000000000000000000e+00,1.000000000000000000e+00,0.000000000000000000e+00,-9.985458396391797553e-01,0.000000000000000000e+00,-5.390923983219882143e-02,7.187388255517020152e-02,0.000000000000000000e+00,5.125067175761787164e-01,0.000000000000000000e+00
-5.614305560016290969e-02,0.000000000000000000e+00,9.984227347711374101e-01,0.000000000000000000e+00,1.000000000000000000e+00,0.000000000000000000e+00,-9.984227347711374101e-01,0.000000000000000000e+00,-5.614305560016290969e-02,7.486892090305434511e-02,0.000000000000000000e+00,5.129416141582322508e-01,0.000000000000000000e+00
-5.842686036647824072e-02,0.000000000000000000e+00,9.982916918354655111e-01,0.000000000000000000e+00,1.000000000000000000e+00,0.000000000000000000e+00,-9.982916918354655111e-01,0.000000000000000000e+00,-5.842686036647824072e-02,7.793237098823863063e-02,0.000000000000000000e+00,5.133793699937430066e-01,0.000000000000000000e+00
-6.076058062267506582e-02,0.000000000000000000e+00,9.981523690511361346e-01,0.000000000000000000e+00,1.000000000000000000e+00,0.000000000000000000e+00,-9.981523690511361346e-01,0.000000000000000000e+00,-6.076058062267506582e-02,8.106422685399988781e-02,0.000000000000000000e+00,5.138195121926975029e-01,0.000000000000000000e+00
-6.314412131996817446e-02,0.000000000000000000e+00,9.980044187992000992e-01,0.000000000000000000e+00,1.000000000000000000e+00,0.000000000000000000e+00,-9.980044187992000992e-01,0.000000000000000000e+00,-6.314412131996817446e-02,8.426445554399909776e-02,0.000000000000000000e+00,5.142615543561827041e-01,0.000000000000000000e+00
-6.557736603225304550e-02,0.000000000000000000e+00,9.978474878779181045e-01,0.000000000000000000e+00,1.000000000000000000e+00,0.000000000000000000e+00,-9.978474878779181045e-01,0.000000000000000000e+00,-6.557736603225304550e-02,8.753299725010188492e-02,0.000000000000000000e+00,5.147049969583394891e-01,0.000000000000000000e+00
-6.806017712006452725e-02,0.000000000000000000e+00,9.976812177696768869e-01,0.000000000000000000e+00,1.000000000000000000e+00,0.000000000000000000e+00,-9.976812177696768869e-01,0.000000000000000000e+00,-6.806017712006452725e-02,9.086976545831990104e-02,0.000000000000000000e+00,5.151493277441990815e-01,0.000000000000000000e+00
-7.059239589571859874e-02,0.000000000000000000e+00,9.975052449193949622e-01,0.000000000000000000e+00,1.000000000000000000e+00,0.000000000000000000e+00,-9.975052449193949622e-01,0.000000000000000000e+00,-7.059239589571859874e-02,9.427464709324429037e-02,0.000000000000000000e+00,5.155940221430730386e-01,0.000000000000000000e+00
-7.317384278985990254e-02,0.000000000000000000e+00,9.973192010241078709e-01,0.000000000000000000e+00,1.000000000000000000e+00,0.000000000000000000e+00,-9.973192010241078709e-01,0.000000000000000000e+00,-7.317384278985990254e-02,9.774750266134984988e-02,0.000000000000000000e+00,5.160385436971431927e-01,0.000000000000000000e+00
-7.580431751964084031e-02,0.000000000000000000e+00,9.971227133334098491e-01,0.000000000000000000e+00,1.000000000000000000e+00,0.000000000000000000e+00,-9.971227133334098491e-01,0.000000000000000000e+00,-7.580431751964084031e-02,1.012881663935557564e-01,0.000000000000000000e+00,5.164823445048845052e-01,0.000000000000000000e+00
-7.848359925876026433e-02,0.000000000000000000e+00,9.969154049604160850e-01,0.000000000000000000e+00,1.000000000000000000e+00,0.000000000000000000e+00,-9.969154049604160850e-01,0.000000000000000000e+00,-7.848359925876026433e-02,1.048964463874350189e-01,0.000000000000000000e+00,5.169248656789359186e-01,0.000000000000000000e+00
-8.121144680959244133e-02,0.000000000000000000e+00,9.966968952028960604e-01,0.000000000000000000e+00,1.000000000000000000e+00,0.000000000000000000e+00,-9.966968952028960604e-01,0.000000000000000000e+00,-8.121144680959244133e-02,1.085721247494722957e-01,0.000000000000000000e+00,5.173655378180185282e-01,0.000000000000000000e+00
-8.398759877763602166e-02,0.000000000000000000e+00,9.964667998742190447e-01,0.000000000000000000e+00,1.000000000000000000e+00,0.000000000000000000e+00,-9.964667998742190447e-01,0.000000000000000000e+00,-8.398759877763602166e-02,1.123149577377706432e-01,0.000000000000000000e+00,5.178037814924858484e-01,0.000000000000000000e+00
-8.681177374851567485e-02,0.000000000000000000e+00,9.962247316437373712e-01,0.000000000000000000e+00,1.000000000000000000e+00,0.000000000000000000e+00,-9.962247316437373712e-01,0.000000000000000000e+00,-8.681177374851567485e-02,1.161246759056160510e-01,0.000000000000000000e+00,5.182390077430717445e-01,0.000000000000000000e+00
-8.968367046776658247e-02,0.000000000000000000e+00,9.959703003862259152e-01,0.000000000000000000e+00,1.000000000000000000e+00,0.000000000000000000e+00,-9.959703003862259152e-01,0.000000000000000000e+00,-8.968367046776658247e-02,1.200009842463074378e-01,0.000000000000000000e+00,5.186706185923929402e-01,0.000000000000000000e+00
-9.260296802363332525e-02,0.000000000000000000e+00,9.957031135399818655e-01,0.000000000000000000e+00,1.000000000000000000e+00,0.000000000000000000e+00,-9.957031135399818655e-01,0.000000000000000000e+00,-9.260296802363332525e-02,1.239435623396642761e-01,0.000000000000000000e+00,5.190980075687415818e-01,0.000000000000000000e+00
-9.556932603311137087e-02,0.000000000000000000e+00,9.954227764731812256e-01,0.000000000000000000e+00,1.000000000000000000e+00,0.000000000000000000e+00,-9.954227764731812256e-01,0.000000000000000000e+00,-9.556932603311137087e-02,1.279520645006238244e-01,0.000000000000000000e+00,5.195205602416956836e-01,0.000000000000000000e+00
-9.858238483145927156e-02,0.000000000000000000e+00,9.951288928580770410e-01,0.000000000000000000e+00,1.000000000000000000e+00,0.000000000000000000e+00,-9.951288928580770410e-01,0.000000000000000000e+00,-9.858238483145927156e-02,1.320261199303401911e-01,0.000000000000000000e+00,5.199376547690557349e-01,0.000000000000000000e+00
-1.016417656654047541e-01,0.000000000000000000e+00,9.948210650526148058e-01,0.000000000000000000e+00,1.000000000000000000e+00,0.000000000000000000e+00,-9.948210650526148058e-01,0.000000000000000000e+00,-1.016417656654047541e-01,1.361653328701959986e-01,0.000000000000000000e+00,5.203486624546068695e-01,0.000000000000000000e+00
-1.047470708902673159e-01,0.000000000000000000e+00,9.944988944890332805e-01,0.000000000000000000e+00,1.000000000000000000e+00,0.000000000000000000e+00,-9.944988944890332805e-01,0.000000000000000000e+00,-1.047470708902673159e-01,1.403692827591365433e-01,0.000000000000000000e+00,5.207529483161921213e-01,0.000000000000000000e+00
-1.078978841712135706e-01,0.000000000000000000e+00,9.941619820690064113e-01,0.000000000000000000e+00,1.000000000000000000e+00,0.000000000000000000e+00,-9.941619820690064113e-01,0.000000000000000000e+00,-1.078978841712135706e-01,1.446375243947330691e-01,0.000000000000000000e+00,5.211498716635658557e-01,0.000000000000000000e+00
-1.110937706888583398e-01,0.000000000000000000e+00,9.938099285648797077e-01,0.000000000000000000e+00,1.000000000000000000e+00,0.000000000000000000e+00,-9.938099285648797077e-01,0.000000000000000000e+00,-1.110937706888583398e-01,1.489695880983761267e-01,0.000000000000000000e+00,5.215387866854916954e-01,0.000000000000000000e+00
-1.143342773494195191e-01,0.000000000000000000e+00,9.934423350265408903e-01,0.000000000000000000e+00,1.000000000000000000e+00,0.000000000000000000e+00,-9.934423350265408903e-01,0.000000000000000000e+00,-1.143342773494195191e-01,1.533649798849990586e-01,0.000000000000000000e+00,5.219190430455322716e-01,0.000000000000000000e+00
-1.176189329996273486e-01,0.000000000000000000e+00,9.930588031934610704e-01,0.000000000000000000e+00,1.000000000000000000e+00,0.000000000000000000e+00,-9.930588031934610704e-01,0.000000000000000000e+00,-1.176189329996273486e-01,1.578231816377212715e-01,0.000000000000000000e+00,5.222899864859664731e-01,0.000000000000000000e+00
-1.209472486465859586e-01,0.000000000000000000e+00,9.926589359114342814e-01,0.000000000000000000e+00,1.000000000000000000e+00,0.000000000000000000e+00,-9.926589359114342814e-01,0.000000000000000000e+00,-1.209472486465859586e-01,1.623436512878003446e-01,0.000000000000000000e+00,5.226509594392644287e-01,0.000000000000000000e+00
-1.243187176827724727e-01,0.000000000000000000e+00,9.922423375535389667e-01,0.000000000000000000e+00,1.000000000000000000e+00,0.000000000000000000e+00,-9.922423375535389667e-01,0.000000000000000000e+00,-1.243187176827724727e-01,1.669258230002658716e-01,0.000000000000000000e+00,5.230013016465353548e-01,0.000000000000000000e+00
-1.277328161163572839e-01,0.000000000000000000e+00,9.918086144448357011e-01,0.000000000000000000e+00,1.000000000000000000e+00,0.000000000000000000e+00,-9.918086144448357011e-01,0.000000000000000000e+00,-1.277328161163572839e-01,1.715691073656093746e-01,0.000000000000000000e+00,5.233403507823553014e-01,0.000000000000000000e+00
-1.311890028070180347e-01,0.000000000000000000e+00,9.913573752903138692e-01,0.000000000000000000e+00,1.000000000000000000e+00,0.000000000000000000e+00,-9.913573752903138692e-01,0.000000000000000000e+00,-1.311890028070180347e-01,1.762728915978881705e-01,0.000000000000000000e+00,5.236674430853734963e-01,0.000000000000000000e+00
-1.346867197074094746e-01,0.000000000000000000e+00,9.908882316055921402e-01,0.000000000000000000e+00,1.000000000000000000e+00,0.000000000000000000e+00,-9.908882316055921402e-01,0.000000000000000000e+00,-1.346867197074094746e-01,1.810365397395925779e-01,0.000000000000000000e+00,5.239819139940853354e-01,0.000000000000000000e+00
-1.382253921104475425e-01,0.000000000000000000e+00,9.904007981498768043e-01,0.000000000000000000e+00,1.000000000000000000e+00,0.000000000000000000e+00,-9.904007981498768043e-01,0.000000000000000000e+00,-1.382253921104475425e-01,1.858593928736175793e-01,0.000000000000000000e+00,5.242830987871553994e-01,0.000000000000000000e+00
-1.418044289025505722e-01,0.000000000000000000e+00,9.898946933606733722e-01,0.000000000000000000e+00,1.000000000000000000e+00,0.000000000000000000e+00,-9.898946933606733722e-01,0.000000000000000000e+00,-1.418044289025505722e-01,1.907407693426648732e-01,0.000000000000000000e+00,5.245703332276612230e-01,0.000000000000000000e+00
-1.454232228229734580e-01,0.000000000000000000e+00,9.893695397897490640e-01,0.000000000000000000e+00,1.000000000000000000e+00,0.000000000000000000e+00,-9.893695397897490640e-01,0.000000000000000000e+00,-1.454232228229734580e-01,1.956799649763884263e-01,0.000000000000000000e+00,5.248429542106267665e-01,0.000000000000000000e+00
-1.490811507293602345e-01,0.000000000000000000e+00,9.888249645398369259e-01,0.000000000000000000e+00,1.000000000000000000e+00,0.000000000000000000e+00,-9.888249645398369259e-01,0.000000000000000000e+00,-1.490811507293602345e-01,2.006762533265884774e-01,0.000000000000000000e+00,5.251003004132042129e-01,0.000000000000000000e+00
-1.527775738696268981e-01,0.000000000000000000e+00,9.882605997015719845e-01,0.000000000000000000e+00,1.000000000000000000e+00,0.000000000000000000e+00,-9.882605997015719845e-01,0.000000000000000000e+00,-1.527775738696268981e-01,2.057288859107361534e-01,0.000000000000000000e+00,5.253417129468591629e-01,0.000000000000000000e+00
-1.565118381602779163e-01,0.000000000000000000e+00,9.876760827901478468e-01,0.000000000000000000e+00,1.000000000000000000e+00,0.000000000000000000e+00,-9.876760827901478468e-01,0.000000000000000000e+00,-1.565118381602779163e-01,2.108370924641048139e-01,0.000000000000000000e+00,5.255665360109069706e-01,0.000000000000000000e+00
-1.602832744712445745e-01,0.000000000000000000e+00,9.870710571811817102e-01,0.000000000000000000e+00,1.000000000000000000e+00,0.000000000000000000e+00,-9.870710571811817102e-01,0.000000000000000000e+00,-1.602832744712445745e-01,2.160000812007614179e-01,0.000000000000000000e+00,5.257741175467465222e-01,0.000000000000000000e+00
-1.640911989173239327e-01,0.000000000000000000e+00,9.864451725452738629e-01,0.000000000000000000e+00,1.000000000000000000e+00,0.000000000000000000e+00,-9.864451725452738629e-01,0.000000000000000000e+00,-1.640911989173239327e-01,2.212170390836595002e-01,0.000000000000000000e+00,5.259638098921296523e-01,0.000000000000000000e+00
-1.679349131562828945e-01,0.000000000000000000e+00,9.857980852807494143e-01,0.000000000000000000e+00,1.000000000000000000e+00,0.000000000000000000e+00,-9.857980852807494143e-01,0.000000000000000000e+00,-1.679349131562828945e-01,2.264871321040573260e-01,0.000000000000000000e+00,5.261349704348055045e-01,0.000000000000000000e+00
-1.718137046936778767e-01,0.000000000000000000e+00,9.851294589440687810e-01,0.000000000000000000e+00,1.000000000000000000e+00,0.000000000000000000e+00,-9.851294589440687810e-01,0.000000000000000000e+00,-1.718137046936778767e-01,2.318095055704654239e-01,0.000000000000000000e+00,5.262869622648708168e-01,0.000000000000000000e+00
-1.757268471944301302e-01,0.000000000000000000e+00,9.844389646773969993e-01,0.000000000000000000e+00,1.000000000000000000e+00,0.000000000000000000e+00,-9.844389646773969993e-01,0.000000000000000000e+00,-1.757268471944301302e-01,2.371832844073123447e-01,0.000000000000000000e+00,5.264191548251628827e-01,0.000000000000000000e+00
-1.796736008011797781e-01,0.000000000000000000e+00,9.837262816328220527e-01,0.000000000000000000e+00,1.000000000000000000e+00,0.000000000000000000e+00,-9.837262816328220527e-01,0.000000000000000000e+00,-1.796736008011797781e-01,2.426075734634969838e-01,0.000000000000000000e+00,5.265309245590236165e-01,0.000000000000000000e+00
-1.836532124594297821e-01,0.000000000000000000e+00,9.829910973927137308e-01,0.000000000000000000e+00,1.000000000000000000e+00,0.000000000000000000e+00,-9.829910973927137308e-01,0.000000000000000000e+00,-1.836532124594297821e-01,2.480814578309776253e-01,0.000000000000000000e+00,5.266216555547633682e-01,0.000000000000000000e+00
-1.876649162494764544e-01,0.000000000000000000e+00,9.822331083857217537e-01,0.000000000000000000e+00,1.000000000000000000e+00,0.000000000000000000e+00,-9.822331083857217537e-01,0.000000000000000000e+00,-1.876649162494764544e-01,2.536040031735276035e-01,0.000000000000000000e+00,5.266907401861606886e-01,0.000000000000000000e+00
-1.917079337251087479e-01,0.000000000000000000e+00,9.814520202979101215e-01,0.000000000000000000e+00,1.000000000000000000e+00,0.000000000000000000e+00,-9.814520202979101215e-01,0.000000000000000000e+00,-1.917079337251087479e-01,2.591742560657693262e-01,0.000000000000000000e+00,5.267375797483242472e-01,0.000000000000000000e+00
-1.957814742590432699e-01,0.000000000000000000e+00,9.806475484785324159e-01,0.000000000000000000e+00,1.000000000000000000e+00,0.000000000000000000e+00,-9.806475484785324159e-01,0.000000000000000000e+00,-1.957814742590432699e-01,2.647912443425740614e-01,0.000000000000000000e+00,5.267615850882527706e-01,0.000000000000000000e+00
-1.998847353950484740e-01,0.000000000000000000e+00,9.798194183399568935e-01,0.000000000000000000e+00,1.000000000000000000e+00,0.000000000000000000e+00,-9.798194183399568935e-01,0.000000000000000000e+00,-1.998847353950484740e-01,2.704539774588989864e-01,0.000000000000000000e+00,5.267621772294277527e-01,0.000000000000000000e+00
-2.040169032066975752e-01,0.000000000000000000e+00,9.789673657512537597e-01,0.000000000000000000e+00,1.000000000000000000e+00,0.000000000000000000e+00,-9.789673657512537597e-01,0.000000000000000000e+00,-2.040169032066975752e-01,2.761614468601105710e-01,0.000000000000000000e+00,5.267387879897780234e-01,0.000000000000000000e+00
-2.081771526626706448e-01,0.000000000000000000e+00,9.780911374249656731e-01,0.000000000000000000e+00,1.000000000000000000e+00,0.000000000000000000e+00,-9.780911374249656731e-01,0.000000000000000000e+00,-2.081771526626706448e-01,2.819126263628179418e-01,0.000000000000000000e+00,5.266908605923582565e-01,0.000000000000000000e+00
-2.123646479985173419e-01,0.000000000000000000e+00,9.771904912965874157e-01,0.000000000000000000e+00,1.000000000000000000e+00,0.000000000000000000e+00,-9.771904912965874157e-01,0.000000000000000000e+00,-2.123646479985173419e-01,2.877064725462248895e-01,0.000000000000000000e+00,5.266178502680896045e-01,0.000000000000000000e+00
-2.165785430947736734e-01,0.000000000000000000e+00,9.762651968962866578e-01,0.000000000000000000e+00,1.000000000000000000e+00,0.000000000000000000e+00,-9.762651968962866578e-01,0.000000000000000000e+00,-2.165785430947736734e-01,2.935419251539855834e-01,0.000000000000000000e+00,5.265192248499135363e-01,0.000000000000000000e+00
-2.208179818613095202e-01,0.000000000000000000e+00,9.753150357124094061e-01,0.000000000000000000e+00,1.000000000000000000e+00,0.000000000000000000e+00,-9.753150357124094061e-01,0.000000000000000000e+00,-2.208179818613095202e-01,2.994179075065212525e-01,0.000000000000000000e+00,5.263944653577206090e-01,0.000000000000000000e+00
-2.250820986277747293e-01,0.000000000000000000e+00,9.743398015463171635e-01,0.000000000000000000e+00,1.000000000000000000e+00,0.000000000000000000e+00,-9.743398015463171635e-01,0.000000000000000000e+00,-2.250820986277747293e-01,3.053333269237460956e-01,0.000000000000000000e+00,5.262430665734172397e-01,0.000000000000000000e+00
-2.293700185399900893e-01,0.000000000000000000e+00,9.733393008581152639e-01,0.000000000000000000e+00,1.000000000000000000e+00,0.000000000000000000e+00,-9.733393008581152639e-01,0.000000000000000000e+00,-2.293700185399900893e-01,3.112870751581136575e-01,0.000000000000000000e+00,5.260645376055059774e-01,0.000000000000000000e+00
-2.336808579621206527e-01,0.000000000000000000e+00,9.723133531028396170e-01,0.000000000000000000e+00,1.000000000000000000e+00,0.000000000000000000e+00,-9.723133531028396170e-01,0.000000000000000000e+00,-2.336808579621206527e-01,3.172780288378866942e-01,0.000000000000000000e+00,5.258584024425629888e-01,0.000000000000000000e+00
-2.380137248844512998e-01,0.000000000000000000e+00,9.712617910566794244e-01,0.000000000000000000e+00,1.000000000000000000e+00,0.000000000000000000e+00,-9.712617910566794244e-01,0.000000000000000000e+00,-2.380137248844512998e-01,3.233050499205032957e-01,0.000000000000000000e+00,5.256242004950014701e-01,0.000000000000000000e+00
-2.423677193365707250e-01,0.000000000000000000e+00,9.701844611328246382e-01,0.000000000000000000e+00,1.000000000000000000e+00,0.000000000000000000e+00,-9.701844611328246382e-01,0.000000000000000000e+00,-2.423677193365707250e-01,3.293669861558929934e-01,0.000000000000000000e+00,5.253614871245261275e-01,0.000000000000000000e+00
-2.467419338057568745e-01,0.000000000000000000e+00,9.690812236865367080e-01,0.000000000000000000e+00,1.000000000000000000e+00,0.000000000000000000e+00,-9.690812236865367080e-01,0.000000000000000000e+00,-2.467419338057568745e-01,3.354626715595748765e-01,0.000000000000000000e+00,5.250698341606910846e-01,0.000000000000000000e+00
-2.511354536603442322e-01,0.000000000000000000e+00,9.679519533090540362e-01,0.000000000000000000e+00,1.000000000000000000e+00,0.000000000000000000e+00,-9.679519533090540362e-01,0.000000000000000000e+00,-2.511354536603442322e-01,3.415909268953531419e-01,0.000000000000000000e+00,5.247488304039852336e-01,0.000000000000000000e+00
-2.555473575778367534e-01,0.000000000000000000e+00,9.667965391099542227e-01,0.000000000000000000e+00,1.000000000000000000e+00,0.000000000000000000e+00,-9.667965391099542227e-01,0.000000000000000000e+00,-2.555473575778367534e-01,3.477505601673938074e-01,0.000000000000000000e+00,5.243980821148825910e-01,0.000000000000000000e+00
-2.599767179775186454e-01,0.000000000000000000e+00,9.656148849876112772e-01,0.000000000000000000e+00,1.000000000000000000e+00,0.000000000000000000e+00,-9.656148849876112772e-01,0.000000000000000000e+00,-2.599767179775186454e-01,3.539403671214564895e-01,0.000000000000000000e+00,5.240172134883102073e-01,0.000000000000000000e+00
-2.644226014573073935e-01,0.000000000000000000e+00,9.644069098873928603e-01,0.000000000000000000e+00,1.000000000000000000e+00,0.000000000000000000e+00,-9.644069098873928603e-01,0.000000000000000000e+00,-2.644226014573073935e-01,3.601591317550305593e-01,0.000000000000000000e+00,5.236058671129957265e-01,0.000000000000000000e+00
-2.688840692345695338e-01,0.000000000000000000e+00,9.631725480472640433e-01,0.000000000000000000e+00,1.000000000000000000e+00,0.000000000000000000e+00,-9.631725480472640433e-01,0.000000000000000000e+00,-2.688840692345695338e-01,3.664056268361018387e-01,0.000000000000000000e+00,5.231637044151760119e-01,0.000000000000000000e+00
-2.733601775906229214e-01,0.000000000000000000e+00,9.619117492304702921e-01,0.000000000000000000e+00,1.000000000000000000e+00,0.000000000000000000e+00,-9.619117492304702921e-01,0.000000000000000000e+00,-2.733601775906229214e-01,3.726786144302643433e-01,0.000000000000000000e+00,5.226904060861610191e-01,0.000000000000000000e+00
-2.778499783186236805e-01,0.000000000000000000e+00,9.606244789449935872e-01,0.000000000000000000e+00,1.000000000000000000e+00,0.000000000000000000e+00,-9.606244789449935872e-01,0.000000000000000000e+00,-2.778499783186236805e-01,3.789768464358634903e-01,0.000000000000000000e+00,5.221856724932631977e-01,0.000000000000000000e+00
-2.823525191745338003e-01,0.000000000000000000e+00,9.593107186494866934e-01,0.000000000000000000e+00,1.000000000000000000e+00,0.000000000000000000e+00,-9.593107186494866934e-01,0.000000000000000000e+00,-2.823525191745338003e-01,3.852990651268444755e-01,0.000000000000000000e+00,5.216492240736233521e-01,0.000000000000000000e+00
-2.868668443308536320e-01,0.000000000000000000e+00,9.579704659454058024e-01,0.000000000000000000e+00,1.000000000000000000e+00,0.000000000000000000e+00,-9.579704659454058024e-01,0.000000000000000000e+00,-2.868668443308536320e-01,3.916440037029627064e-01,0.000000000000000000e+00,5.210808017104741063e-01,0.000000000000000000e+00
-2.913919948327897136e-01,0.000000000000000000e+00,9.566037347550799819e-01,0.000000000000000000e+00,1.000000000000000000e+00,0.000000000000000000e+00,-9.566037347550799819e-01,0.000000000000000000e+00,-2.913919948327897136e-01,3.980103868469886397e-01,0.000000000000000000e+00,5.204801670914087630e-01,0.000000000000000000e+00
-2.959270090565233047e-01,0.000000000000000000e+00,9.552105554854700697e-01,0.000000000000000000e+00,1.000000000000000000e+00,0.000000000000000000e+00,-9.552105554854700697e-01,0.000000000000000000e+00,-2.959270090565233047e-01,4.043969312885308254e-01,0.000000000000000000e+00,5.198471030482360034e-01,0.000000000000000000e+00
-3.004709231692342386e-01,0.000000000000000000e+00,9.537909751773855360e-01,0.000000000000000000e+00,1.000000000000000000e+00,0.000000000000000000e+00,-9.537909751773855360e-01,0.000000000000000000e+00,-3.004709231692342386e-01,4.108023463740797521e-01,0.000000000000000000e+00,5.191814138780211918e-01,0.000000000000000000e+00
-3.050227715905268200e-01,0.000000000000000000e+00,9.523450576399467016e-01,0.000000000000000000e+00,1.000000000000000000e+00,0.000000000000000000e+00,-9.523450576399467016e-01,0.000000000000000000e+00,-3.050227715905268200e-01,4.172253346428614895e-01,0.000000000000000000e+00,5.184829256449392521e-01,0.000000000000000000e+00
-3.095815874548957791e-01,0.000000000000000000e+00,9.508728835700945847e-01,0.000000000000000000e+00,1.000000000000000000e+00,0.000000000000000000e+00,-9.508728835700945847e-01,0.000000000000000000e+00,-3.095815874548957791e-01,4.236645924080753578e-01,0.000000000000000000e+00,5.177514864625781810e-01,0.000000000000000000e+00
-3.141464030748664094e-01,0.000000000000000000e+00,9.493745506569699621e-01,0.000000000000000000e+00,1.000000000000000000e+00,0.000000000000000000e+00,-9.493745506569699621e-01,0.000000000000000000e+00,-3.141464030748664094e-01,4.301188103430748644e-01,0.000000000000000000e+00,5.169869667563593563e-01,0.000000000000000000e+00
-3.187162504044326883e-01,0.000000000000000000e+00,9.478501736709968872e-01,0.000000000000000000e+00,1.000000000000000000e+00,0.000000000000000000e+00,-9.478501736709968872e-01,0.000000000000000000e+00,-3.187162504044326883e-01,4.365866740720418249e-01,0.000000000000000000e+00,5.161892595057563371e-01,0.000000000000000000e+00
-3.232901615024156849e-01,0.000000000000000000e+00,9.462998845375296675e-01,0.000000000000000000e+00,1.000000000000000000e+00,0.000000000000000000e+00,-9.462998845375296675e-01,0.000000000000000000e+00,-3.232901615024156849e-01,4.430668647646864855e-01,0.000000000000000000e+00,5.153582804660221672e-01,0.000000000000000000e+00
-3.278671689953542856e-01,0.000000000000000000e+00,9.447238323949341821e-01,0.000000000000000000e+00,1.000000000000000000e+00,0.000000000000000000e+00,-9.447238323949341821e-01,0.000000000000000000e+00,-3.278671689953542856e-01,4.495580597344959739e-01,0.000000000000000000e+00,5.144939683691520660e-01,0.000000000000000000e+00
-3.324463065395441008e-01,0.000000000000000000e+00,9.431221836369959588e-01,0.000000000000000000e+00,1.000000000000000000e+00,0.000000000000000000e+00,-9.431221836369959588e-01,0.000000000000000000e+00,-3.324463065395441008e-01,4.560589330400498520e-01,0.000000000000000000e+00,5.135962851038341492e-01,0.000000000000000000e+00
-3.370266092818259840e-01,0.000000000000000000e+00,9.414951219395645277e-01,0.000000000000000000e+00,1.000000000000000000e+00,0.000000000000000000e+00,-9.414951219395645277e-01,0.000000000000000000e+00,-3.370266092818259840e-01,4.625681560888982857e-01,0.000000000000000000e+00,5.126652158741631382e-01,0.000000000000000000e+00
-3.416071143187347503e-01,0.000000000000000000e+00,9.398428482713623300e-01,0.000000000000000000e+00,1.000000000000000000e+00,0.000000000000000000e+00,-9.398428482713623300e-01,0.000000000000000000e+00,-3.416071143187347503e-01,4.690843982435073389e-01,0.000000000000000000e+00,5.117007693369168830e-01,0.000000000000000000e+00
-3.461868611536078610e-01,0.000000000000000000e+00,9.381655808889028947e-01,0.000000000000000000e+00,1.000000000000000000e+00,0.000000000000000000e+00,-9.381655808889028947e-01,0.000000000000000000e+00,-3.461868611536078610e-01,4.756063274287519183e-01,0.000000000000000000e+00,5.107029777172145124e-01,0.000000000000000000e+00
-3.507648921512523943e-01,0.000000000000000000e+00,9.364635553154859737e-01,0.000000000000000000e+00,1.000000000000000000e+00,0.000000000000000000e+00,-9.364635553154859737e-01,0.000000000000000000e+00,-3.507648921512523943e-01,4.821326107404366734e-01,0.000000000000000000e+00,5.096718969024077728e-01,0.000000000000000000e+00
-3.553402529897799478e-01,0.000000000000000000e+00,9.347370243042474325e-01,0.000000000000000000e+00,1.000000000000000000e+00,0.000000000000000000e+00,-9.347370243042474325e-01,0.000000000000000000e+00,-3.553402529897799478e-01,4.886619150543294321e-01,0.000000000000000000e+00,5.086076065140691105e-01,0.000000000000000000e+00
-3.599119931091995794e-01,0.000000000000000000e+00,9.329862577852706673e-01,0.000000000000000000e+00,1.000000000000000000e+00,0.000000000000000000e+00,-9.329862577852706673e-01,0.000000000000000000e+00,-3.599119931091995794e-01,4.951929076351647141e-01,0.000000000000000000e+00,5.075102099579782422e-01,0.000000000000000000e+00
-3.644791661563787089e-01,0.000000000000000000e+00,9.312115427967755377e-01,0.000000000000000000e+00,1.000000000000000000e+00,0.000000000000000000e+00,-9.312115427967755377e-01,0.000000000000000000e+00,-3.644791661563787089e-01,5.017242567450943547e-01,0.000000000000000000e+00,5.063798344520217265e-01,0.000000000000000000e+00
-3.690408304259719663e-01,0.000000000000000000e+00,9.294131834004233372e-01,0.000000000000000000e+00,1.000000000000000000e+00,0.000000000000000000e+00,-9.294131834004233372e-01,0.000000000000000000e+00,-3.690408304259719663e-01,5.082546322510438364e-01,0.000000000000000000e+00,5.052166310319508025e-01,0.000000000000000000e+00
-3.735960492969263025e-01,0.000000000000000000e+00,9.275915005807936486e-01,0.000000000000000000e+00,1.000000000000000000e+00,0.000000000000000000e+00,-9.275915005807936486e-01,0.000000000000000000e+00,-3.735960492969263025e-01,5.147827062304416446e-01,0.000000000000000000e+00,5.040207745349671864e-01,0.000000000000000000e+00
-3.781438916641680081e-01,0.000000000000000000e+00,9.257468321291074664e-01,0.000000000000000000e+00,1.000000000000000000e+00,0.000000000000000000e+00,-9.257468321291074664e-01,0.000000000000000000e+00,-3.781438916641680081e-01,5.213071535747784147e-01,0.000000000000000000e+00,5.027924635611272786e-01,0.000000000000000000e+00
-3.826834323650897818e-01,0.000000000000000000e+00,9.238795325112867385e-01,0.000000000000000000e+00,1.000000000000000000e+00,0.000000000000000000e+00,-9.238795325112867385e-01,0.000000000000000000e+00,-3.826834323650897818e-01,5.278266525904637962e-01,0.000000000000000000e+00,5.015319204125859853e-01,0.000000000000000000e+00
-3.872137526004519326e-01,0.000000000000000000e+00,9.219899727204607931e-01,0.000000000000000000e+00,1.000000000000000000e+00,0.000000000000000000e+00,-9.219899727204607931e-01,0.000000000000000000e+00,-3.872137526004519326e-01,5.343398855964421879e-01,0.000000000000000000e+00,5.002393910107194586e-01,0.000000000000000000e+00
-3.917339403493240724e-01,0.000000000000000000e+00,9.200785401140448849e-01,0.000000000000000000e+00,1.000000000000000000e+00,0.000000000000000000e+00,-9.200785401140448849e-01,0.000000000000000000e+00,-3.917339403493240724e-01,5.408455395180361558e-01,0.000000000000000000e+00,4.989151447911951420e-01,0.000000000000000000e+00
-3.962430907776963163e-01,0.000000000000000000e+00,9.181456382355351886e-01,0.000000000000000000e+00,1.000000000000000000e+00,0.000000000000000000e+00,-9.181456382355351886e-01,0.000000000000000000e+00,-3.962430907776963163e-01,5.473423064764886270e-01,0.000000000000000000e+00,4.975594745770809957e-01,0.000000000000000000e+00
-4.007403066403931735e-01,0.000000000000000000e+00,9.161916866211806676e-01,0.000000000000000000e+00,1.000000000000000000e+00,0.000000000000000000e+00,-9.161916866211806676e-01,0.000000000000000000e+00,-4.007403066403931735e-01,5.538288843736730582e-01,0.000000000000000000e+00,4.961726964301068077e-01,0.000000000000000000e+00
-4.052246986759443503e-01,0.000000000000000000e+00,9.142171205917061227e-01,0.000000000000000000e+00,1.000000000000000000e+00,0.000000000000000000e+00,-9.142171205917061227e-01,0.000000000000000000e+00,-4.052246986759443503e-01,5.603039774714677623e-01,0.000000000000000000e+00,4.947551494802182592e-01,0.000000000000000000e+00
-4.096953859940511977e-01,0.000000000000000000e+00,9.122223910292848181e-01,0.000000000000000000e+00,1.000000000000000000e+00,0.000000000000000000e+00,-9.122223910292848181e-01,0.000000000000000000e+00,-4.096953859940511977e-01,5.667662969652612626e-01,0.000000000000000000e+00,4.933071957335884439e-01,0.000000000000000000e+00
-4.141514964553251743e-01,0.000000000000000000e+00,9.102079641399621890e-01,0.000000000000000000e+00,1.000000000000000000e+00,0.000000000000000000e+00,-9.102079641399621890e-01,0.000000000000000000e+00,-4.141514964553251743e-01,5.732145615511059500e-01,0.000000000000000000e+00,4.918292198592683073e-01,0.000000000000000000e+00
-4.185921670429580410e-01,0.000000000000000000e+00,9.081743212017615585e-01,0.000000000000000000e+00,1.000000000000000000e+00,0.000000000000000000e+00,-9.081743212017615585e-01,0.000000000000000000e+00,-4.185921670429580410e-01,5.796474979860067878e-01,0.000000000000000000e+00,4.903216289546908913e-01,0.000000000000000000e+00
-4.230165442260141462e-01,0.000000000000000000e+00,9.061219582987053434e-01,0.000000000000000000e+00,1.000000000000000000e+00,0.000000000000000000e+00,-9.061219582987053434e-01,0.000000000000000000e+00,-4.230165442260141462e-01,5.860638416408724405e-01,0.000000000000000000e+00,4.887848522902555337e-01,0.000000000000000000e+00
-4.274237843140333282e-01,0.000000000000000000e+00,9.040513860410096525e-01,0.000000000000000000e+00,1.000000000000000000e+00,0.000000000000000000e+00,-9.040513860410096525e-01,0.000000000000000000e+00,-4.274237843140333282e-01,5.924623370456458815e-01,0.000000000000000000e+00,4.872193410332515962e-01,0.000000000000000000e+00
-4.318130538026509480e-01,0.000000000000000000e+00,9.019631292717174009e-01,0.000000000000000000e+00,1.000000000000000000e+00,0.000000000000000000e+00,-9.019631292717174009e-01,0.000000000000000000e+00,-4.318130538026509480e-01,5.988417384261554011e-01,0.000000000000000000e+00,4.856255679513938328e-01,0.000000000000000000e+00
-4.361835297099506681e-01,0.000000000000000000e+00,8.998577267600521568e-01,0.000000000000000000e+00,1.000000000000000000e+00,0.000000000000000000e+00,-8.998577267600521568e-01,0.000000000000000000e+00,-4.361835297099506681e-01,6.052008102322330441e-01,0.000000000000000000e+00,4.840040270962679414e-01,0.000000000000000000e+00
-4.405343999032819702e-01,0.000000000000000000e+00,8.977357308817863757e-01,0.000000000000000000e+00,1.000000000000000000e+00,0.000000000000000000e+00,-8.977357308817863757e-01,0.000000000000000000e+00,-4.405343999032819702e-01,6.115383276566646042e-01,0.000000000000000000e+00,4.823552334670037633e-01,0.000000000000000000e+00
-4.448648634162847282e-01,0.000000000000000000e+00,8.955977072869326649e-01,0.000000000000000000e+00,1.000000000000000000e+00,0.000000000000000000e+00,-8.955977072869326649e-01,0.000000000000000000e+00,-4.448648634162847282e-01,6.178530771445506220e-01,0.000000000000000000e+00,4.806797226545161950e-01,0.000000000000000000e+00
-4.491741307558746454e-01,0.000000000000000000e+00,8.934442345550752673e-01,0.000000000000000000e+00,1.000000000000000000e+00,0.000000000000000000e+00,-8.934442345550752673e-01,0.000000000000000000e+00,-4.491741307558746454e-01,6.241438568926629404e-01,0.000000000000000000e+00,4.789780504666693028e-01,0.000000000000000000e+00
-4.534614241989674555e-01,0.000000000000000000e+00,8.912759038386733890e-01,0.000000000000000000e+00,1.000000000000000000e+00,0.000000000000000000e+00,-8.912759038386733890e-01,0.000000000000000000e+00,-4.534614241989674555e-01,6.304094773384176786e-01,0.000000000000000000e+00,4.772507925347425073e-01,0.000000000000000000e+00
-4.577259780787227839e-01,0.000000000000000000e+00,8.890933184946766543e-01,0.000000000000000000e+00,1.000000000000000000e+00,0.000000000000000000e+00,-8.890933184946766543e-01,0.000000000000000000e+00,-4.577259780787227839e-01,6.366487616380773762e-01,0.000000000000000000e+00,4.754985439015928517e-01,0.000000000000000000e+00
-4.619670390601116616e-01,0.000000000000000000e+00,8.868970937048070713e-01,0.000000000000000000e+00,1.000000000000000000e+00,0.000000000000000000e+00,-8.868970937048070713e-01,0.000000000000000000e+00,-4.619670390601116616e-01,6.428605461338344762e-01,0.000000000000000000e+00,4.737219185919299691e-01,0.000000000000000000e+00
-4.661838664046244474e-01,0.000000000000000000e+00,8.846878560848652207e-01,0.000000000000000000e+00,1.000000000000000000e+00,0.000000000000000000e+00,-8.846878560848652207e-01,0.000000000000000000e+00,-4.661838664046244474e-01,6.490436808094308674e-01,0.000000000000000000e+00,4.719215491651290173e-01,0.000000000000000000e+00
-4.703757322239532357e-01,0.000000000000000000e+00,8.824662432834355918e-01,0.000000000000000000e+00,1.000000000000000000e+00,0.000000000000000000e+00,-8.824662432834355918e-01,0.000000000000000000e+00,-4.703757322239532357e-01,6.551970297339977378e-01,0.000000000000000000e+00,4.700980862510347191e-01,0.000000000000000000e+00
-4.745419217225005371e-01,0.000000000000000000e+00,8.802329035703654325e-01,0.000000000000000000e+00,1.000000000000000000e+00,0.000000000000000000e+00,-8.802329035703654325e-01,0.000000000000000000e+00,-4.745419217225005371e-01,6.613194714938160912e-01,0.000000000000000000e+00,4.682521980692125885e-01,0.000000000000000000e+00
-4.786817334285748959e-01,0.000000000000000000e+00,8.779884954154096866e-01,0.000000000000000000e+00,1.000000000000000000e+00,0.000000000000000000e+00,-8.779884954154096866e-01,0.000000000000000000e+00,-4.786817334285748959e-01,6.674098996117099336e-01,0.000000000000000000e+00,4.663845699321316207e-01,0.000000000000000000e+00
-4.827944794141646456e-01,0.000000000000000000e+00,8.757336870574328191e-01,0.000000000000000000e+00,1.000000000000000000e+00,0.000000000000000000e+00,-8.757336870574328191e-01,0.000000000000000000e+00,-4.827944794141646456e-01,6.734672229538218868e-01,0.000000000000000000e+00,4.644959037327665019e-01,0.000000000000000000e+00
-4.868794855031907121e-01,0.000000000000000000e+00,8.734691560645677644e-01,0.000000000000000000e+00,1.000000000000000000e+00,0.000000000000000000e+00,-8.734691560645677644e-01,0.000000000000000000e+00,-4.868794855031907121e-01,6.794903661235331960e-01,0.000000000000000000e+00,4.625869174171238218e-01,0.000000000000000000e+00
-4.909360914681490384e-01,0.000000000000000000e+00,8.711955888857433328e-01,0.000000000000000000e+00,1.000000000000000000e+00,0.000000000000000000e+00,-8.711955888857433328e-01,0.000000000000000000e+00,-4.909360914681490384e-01,6.854782698422997589e-01,0.000000000000000000e+00,4.606583444422142071e-01,0.000000000000000000e+00
-4.949636512150892287e-01,0.000000000000000000e+00,8.689136803939890852e-01,0.000000000000000000e+00,1.000000000000000000e+00,0.000000000000000000e+00,-8.689136803939890852e-01,0.000000000000000000e+00,-4.949636512150892287e-01,6.914298913172236549e-01,0.000000000000000000e+00,4.587109332199976741e-01,0.000000000000000000e+00
-4.989615329568821145e-01,0.000000000000000000e+00,8.666241334219341175e-01,0.000000000000000000e+00,1.000000000000000000e+00,0.000000000000000000e+00,-8.666241334219341175e-01,0.000000000000000000e+00,-4.989615329568821145e-01,6.973442045951840917e-01,0.000000000000000000e+00,4.567454465478430481e-01,0.000000000000000000e+00
-5.029291193747420508e-01,0.000000000000000000e+00,8.643276582899256377e-01,0.000000000000000000e+00,1.000000000000000000e+00,0.000000000000000000e+00,-8.643276582899256377e-01,0.000000000000000000e+00,-5.029291193747420508e-01,7.032202009033734491e-01,0.000000000000000000e+00,4.547626610260547819e-01,0.000000000000000000e+00
-5.068658077680070484e-01,0.000000000000000000e+00,8.620249723271860010e-01,0.000000000000000000e+00,1.000000000000000000e+00,0.000000000000000000e+00,-8.620249723271860010e-01,0.000000000000000000e+00,-5.068658077680070484e-01,7.090568889761234006e-01,0.000000000000000000e+00,4.527633664630258958e-01,0.000000000000000000e+00
-5.107710101921745238e-01,0.000000000000000000e+00,8.597167993864407443e-01,0.000000000000000000e+00,1.000000000000000000e+00,0.000000000000000000e+00,-8.597167993864407443e-01,0.000000000000000000e+00,-5.107710101921745238e-01,7.148532953679082036e-01,0.000000000000000000e+00,4.507483652685876363e-01,0.000000000000000000e+00
-5.146441535852298577e-01,0.000000000000000000e+00,8.574038693524437260e-01,0.000000000000000000e+00,1.000000000000000000e+00,0.000000000000000000e+00,-8.574038693524437260e-01,0.000000000000000000e+00,-5.146441535852298577e-01,7.206084647524577669e-01,0.000000000000000000e+00,4.487184718361326707e-01,0.000000000000000000e+00
-5.184846798823046221e-01,0.000000000000000000e+00,8.550869176448345765e-01,0.000000000000000000e+00,1.000000000000000000e+00,0.000000000000000000e+00,-8.550869176448345765e-01,0.000000000000000000e+00,-5.184846798823046221e-01,7.263214602079137716e-01,0.000000000000000000e+00,4.466745119140968501e-01,0.000000000000000000e+00
-5.222920461187419150e-01,0.000000000000000000e+00,8.527666847157538976e-01,0.000000000000000000e+00,1.000000000000000000e+00,0.000000000000000000e+00,-8.527666847157538976e-01,0.000000000000000000e+00,-5.222920461187419150e-01,7.319913634880153008e-01,0.000000000000000000e+00,4.446173219673869026e-01,0.000000000000000000e+00
-5.260657245216354694e-01,0.000000000000000000e+00,8.504439155426575248e-01,0.000000000000000000e+00,1.000000000000000000e+00,0.000000000000000000e+00,-8.504439155426575248e-01,0.000000000000000000e+00,-5.260657245216354694e-01,7.376172752792879983e-01,0.000000000000000000e+00,4.425477485293544122e-01,0.000000000000000000e+00
-5.298052025899570028e-01,0.000000000000000000e+00,8.481193591167546231e-01,0.000000000000000000e+00,1.000000000000000000e+00,0.000000000000000000e+00,-8.481193591167546231e-01,0.000000000000000000e+00,-5.298052025899570028e-01,7.431983154442723949e-01,0.000000000000000000e+00,4.404666475449119378e-01,0.000000000000000000e+00
-5.335099831633844936e-01,0.000000000000000000e+00,8.457937679275043807e-01,0.000000000000000000e+00,1.000000000000000000e+00,0.000000000000000000e+00,-8.457937679275043807e-01,0.000000000000000000e+00,-5.335099831633844936e-01,7.487336232508238210e-01,0.000000000000000000e+00,4.383748837053973446e-01,0.000000000000000000e+00
-5.371795844799670538e-01,0.000000000000000000e+00,8.434678974436016219e-01,0.000000000000000000e+00,1.000000000000000000e+00,0.000000000000000000e+00,-8.434678974436016219e-01,0.000000000000000000e+00,-5.371795844799670538e-01,7.542223575875510733e-01,0.000000000000000000e+00,4.362733297757928064e-01,0.000000000000000000e+00
-5.408135402227852717e-01,0.000000000000000000e+00,8.411425055908765547e-01,0.000000000000000000e+00,1.000000000000000000e+00,0.000000000000000000e+00,-8.411425055908765547e-01,0.000000000000000000e+00,-5.408135402227852717e-01,7.596636971654878723e-01,0.000000000000000000e+00,4.341628659149056602e-01,0.000000000000000000e+00
-5.444113995557749996e-01,0.000000000000000000e+00,8.388183522275381998e-01,0.000000000000000000e+00,1.000000000000000000e+00,0.000000000000000000e+00,-8.388183522275381998e-01,0.000000000000000000e+00,-5.444113995557749996e-01,7.650568407061069109e-01,0.000000000000000000e+00,4.320443789891251218e-01,0.000000000000000000e+00
-5.479727271489071017e-01,0.000000000000000000e+00,8.364961986171780550e-01,0.000000000000000000e+00,1.000000000000000000e+00,0.000000000000000000e+00,-8.364961986171780550e-01,0.000000000000000000e+00,-5.479727271489071017e-01,7.704010071158198247e-01,0.000000000000000000e+00,4.299187618803589350e-01,0.000000000000000000e+00
-5.514971031929246648e-01,0.000000000000000000e+00,8.341768068999596553e-01,0.000000000000000000e+00,1.000000000000000000e+00,0.000000000000000000e+00,-8.341768068999596553e-01,0.000000000000000000e+00,-5.514971031929246648e-01,7.756954356471144063e-01,0.000000000000000000e+00,4.277869127887684031e-01,0.000000000000000000e+00
-5.549841234038654925e-01,0.000000000000000000e+00,8.318609395624024794e-01,0.000000000000000000e+00,1.000000000000000000e+00,0.000000000000000000e+00,-8.318609395624024794e-01,0.000000000000000000e+00,-5.549841234038654925e-01,7.809393860465249082e-01,0.000000000000000000e+00,4.256497345309044888e-01,0.000000000000000000e+00
-5.584333990176036933e-01,0.000000000000000000e+00,8.295493589061748718e-01,0.000000000000000000e+00,1.000000000000000000e+00,0.000000000000000000e+00,-8.295493589061748718e-01,0.000000000000000000e+00,-5.584333990176036933e-01,7.861321386896327201e-01,0.000000000000000000e+00,4.235081338338572143e-01,0.000000000000000000e+00
-5.618445567746747082e-01,0.000000000000000000e+00,8.272428265162952155e-01,0.000000000000000000e+00,1.000000000000000000e+00,0.000000000000000000e+00,-8.272428265162952155e-01,0.000000000000000000e+00,-5.618445567746747082e-01,7.912729947033395606e-01,0.000000000000000000e+00,4.213630206260181588e-01,0.000000000000000000e+00
-5.652172388956367977e-01,0.000000000000000000e+00,8.249421027291506947e-01,0.000000000000000000e+00,1.000000000000000000e+00,0.000000000000000000e+00,-8.249421027291506947e-01,0.000000000000000000e+00,-5.652172388956367977e-01,7.963612760756429987e-01,0.000000000000000000e+00,4.192153073250683426e-01,0.000000000000000000e+00
-5.685511030472767402e-01,0.000000000000000000e+00,8.226479461007150107e-01,0.000000000000000000e+00,1.000000000000000000e+00,0.000000000000000000e+00,-8.226479461007150107e-01,0.000000000000000000e+00,-5.685511030472767402e-01,8.013963257532159545e-01,0.000000000000000000e+00,4.170659081237768628e-01,0.000000000000000000e+00
-5.718458222999377449e-01,0.000000000000000000e+00,8.203611128753653947e-01,0.000000000000000000e+00,1.000000000000000000e+00,0.000000000000000000e+00,-8.203611128753653947e-01,0.000000000000000000e+00,-5.718458222999377449e-01,8.063775077270556313e-01,0.000000000000000000e+00,4.149157382742182376e-01,0.000000000000000000e+00
-5.751010850763029758e-01,0.000000000000000000e+00,8.180823564556681804e-01,0.000000000000000000e+00,1.000000000000000000e+00,0.000000000000000000e+00,-8.180823564556681804e-01,0.000000000000000000e+00,-5.751010850763029758e-01,8.113042071065407201e-01,0.000000000000000000e+00,4.127657133709853321e-01,0.000000000000000000e+00
-5.783165950919504361e-01,0.000000000000000000e+00,8.158124268735141849e-01,0.000000000000000000e+00,1.000000000000000000e+00,0.000000000000000000e+00,-8.158124268735141849e-01,0.000000000000000000e+00,-5.783165950919504361e-01,8.161758301822182871e-01,0.000000000000000000e+00,4.106167486339892259e-01,0.000000000000000000e+00
-5.814920712880264908e-01,0.000000000000000000e+00,8.135520702629677192e-01,0.000000000000000000e+00,1.000000000000000000e+00,0.000000000000000000e+00,-8.135520702629677192e-01,0.000000000000000000e+00,-5.814920712880264908e-01,8.209918044776790547e-01,0.000000000000000000e+00,4.084697581914213949e-01,0.000000000000000000e+00
-5.846272477563864145e-01,0.000000000000000000e+00,8.113020283351896067e-01,0.000000000000000000e+00,1.000000000000000000e+00,0.000000000000000000e+00,-8.113020283351896067e-01,0.000000000000000000e+00,-5.846272477563864145e-01,8.257515787908902283e-01,0.000000000000000000e+00,4.063256543634480300e-01,0.000000000000000000e+00
-5.877218736575755553e-01,0.000000000000000000e+00,8.090630378557833735e-01,0.000000000000000000e+00,1.000000000000000000e+00,0.000000000000000000e+00,-8.090630378557833735e-01,0.000000000000000000e+00,-5.877218736575755553e-01,8.304546232253842142e-01,0.000000000000000000e+00,4.041853469472014293e-01,0.000000000000000000e+00
-5.907757131320240385e-01,0.000000000000000000e+00,8.068358301249074493e-01,0.000000000000000000e+00,1.000000000000000000e+00,0.000000000000000000e+00,-8.068358301249074493e-01,0.000000000000000000e+00,-5.907757131320240385e-01,8.351004292117086836e-01,0.000000000000000000e+00,4.020497425036216321e-01,0.000000000000000000e+00
-5.937885452048412560e-01,0.000000000000000000e+00,8.046211304604908854e-01,0.000000000000000000e+00,1.000000000000000000e+00,0.000000000000000000e+00,-8.046211304604908854e-01,0.000000000000000000e+00,-5.937885452048412560e-01,8.396885095195604221e-01,0.000000000000000000e+00,3.999197436466992439e-01,0.000000000000000000e+00
-5.967601636846182611e-01,0.000000000000000000e+00,8.024196576848723339e-01,0.000000000000000000e+00,1.000000000000000000e+00,0.000000000000000000e+00,-8.024196576848723339e-01,0.000000000000000000e+00,-5.967601636846182611e-01,8.442183982610526050e-01,0.000000000000000000e+00,3.977962483356540790e-01,0.000000000000000000e+00
-5.996903770566308634e-01,0.000000000000000000e+00,8.002321236151894723e-01,0.000000000000000000e+00,1.000000000000000000e+00,0.000000000000000000e+00,-8.002321236151894723e-01,0.000000000000000000e+00,-5.996903770566308634e-01,8.486896508855581445e-01,0.000000000000000000e+00,3.956801491705864704e-01,0.000000000000000000e+00
-6.025790083708801870e-01,0.000000000000000000e+00,7.980592325578137469e-01,0.000000000000000000e+00,1.000000000000000000e+00,0.000000000000000000e+00,-7.980592325578137469e-01,0.000000000000000000e+00,-6.025790083708801870e-01,8.531018441666210483e-01,0.000000000000000000e+00,3.935723326921113374e-01,0.000000000000000000e+00
-6.054258951253793652e-01,0.000000000000000000e+00,7.959016808071416316e-01,0.000000000000000000e+00,1.000000000000000000e+00,0.000000000000000000e+00,-7.959016808071416316e-01,0.000000000000000000e+00,-6.054258951253793652e-01,8.574545761813976430e-01,0.000000000000000000e+00,3.914736786854953188e-01,0.000000000000000000e+00
-6.082308891451345678e-01,0.000000000000000000e+00,7.937601561490215119e-01,0.000000000000000000e+00,1.000000000000000000e+00,0.000000000000000000e+00,-7.937601561490215119e-01,0.000000000000000000e+00,-6.082308891451345678e-01,8.617474662831496879e-01,0.000000000000000000e+00,3.893850594897892980e-01,0.000000000000000000e+00
-6.109938564572465758e-01,0.000000000000000000e+00,7.916353373691080719e-01,0.000000000000000000e+00,1.000000000000000000e+00,0.000000000000000000e+00,-7.916353373691080719e-01,0.000000000000000000e+00,-6.109938564572465758e-01,8.659801550672699966e-01,0.000000000000000000e+00,3.873073393124540909e-01,0.000000000000000000e+00
-6.137146771625942021e-01,0.000000000000000000e+00,7.895278937664031993e-01,0.000000000000000000e+00,1.000000000000000000e+00,0.000000000000000000e+00,-7.895278937664031993e-01,0.000000000000000000e+00,-6.137146771625942021e-01,8.701523043313910133e-01,0.000000000000000000e+00,3.852413735499500280e-01,0.000000000000000000e+00
-6.163932453045409821e-01,0.000000000000000000e+00,7.874384846722543019e-01,0.000000000000000000e+00,1.000000000000000000e+00,0.000000000000000000e+00,-7.874384846722543019e-01,0.000000000000000000e+00,-6.163932453045409821e-01,8.742635970300809412e-01,0.000000000000000000e+00,3.831880081147652772e-01,0.000000000000000000e+00
-6.190294687351303171e-01,0.000000000000000000e+00,7.853677589750563959e-01,0.000000000000000000e+00,1.000000000000000000e+00,0.000000000000000000e+00,-7.853677589750563959e-01,0.000000000000000000e+00,-6.190294687351303171e-01,8.783137372246855312e-01,0.000000000000000000e+00,3.811480787693352079e-01,0.000000000000000000e+00
-6.216232689792269284e-01,0.000000000000000000e+00,7.833163546509033237e-01,0.000000000000000000e+00,1.000000000000000000e+00,0.000000000000000000e+00,-7.833163546509033237e-01,0.000000000000000000e+00,-6.216232689792269284e-01,8.823024500288503269e-01,0.000000000000000000e+00,3.791224104673001083e-01,0.000000000000000000e+00
-6.241745810970698027e-01,0.000000000000000000e+00,7.812848983004199166e-01,0.000000000000000000e+00,1.000000000000000000e+00,0.000000000000000000e+00,-7.812848983004199166e-01,0.000000000000000000e+00,-6.241745810970698027e-01,8.862294815502862466e-01,0.000000000000000000e+00,3.771118167025341306e-01,0.000000000000000000e+00
-6.266833535457075888e-01,0.000000000000000000e+00,7.792740046919989227e-01,0.000000000000000000e+00,1.000000000000000000e+00,0.000000000000000000e+00,-7.792740046919989227e-01,0.000000000000000000e+00,-6.266833535457075888e-01,8.900945988293323952e-01,0.000000000000000000e+00,3.751170988663674599e-01,0.000000000000000000e+00
-6.291495480397845119e-01,0.000000000000000000e+00,7.772842763116560860e-01,0.000000000000000000e+00,1.000000000000000000e+00,0.000000000000000000e+00,-7.772842763116560860e-01,0.000000000000000000e+00,-6.291495480397845119e-01,8.938975897748907551e-01,0.000000000000000000e+00,3.731390456134106026e-01,0.000000000000000000e+00
-6.315731394121461006e-01,0.000000000000000000e+00,7.753163029197089884e-01,0.000000000000000000e+00,1.000000000000000000e+00,0.000000000000000000e+00,-7.753163029197089884e-01,0.000000000000000000e+00,-6.315731394121461006e-01,8.976382630982918664e-01,0.000000000000000000e+00,3.711784322363784194e-01,0.000000000000000000e+00
-6.339541154747408980e-01,0.000000000000000000e+00,7.733706611144741672e-01,0.000000000000000000e+00,1.000000000000000000e+00,0.000000000000000000e+00,-7.733706611144741672e-01,0.000000000000000000e+00,-6.339541154747408980e-01,9.013164482456739179e-01,0.000000000000000000e+00,3.692360200503000955e-01,0.000000000000000000e+00
-6.362924768802864506e-01,0.000000000000000000e+00,7.714479139031683586e-01,0.000000000000000000e+00,1.000000000000000000e+00,0.000000000000000000e+00,-7.714479139031683586e-01,0.000000000000000000e+00,-6.362924768802864506e-01,9.049319953294484575e-01,0.000000000000000000e+00,3.673125557864867496e-01,0.000000000000000000e+00
-6.385882369851682006e-01,0.000000000000000000e+00,7.695486102801919470e-01,0.000000000000000000e+00,1.000000000000000000e+00,0.000000000000000000e+00,-7.695486102801919470e-01,0.000000000000000000e+00,-6.385882369851682006e-01,9.084847750594208238e-01,0.000000000000000000e+00,3.654087709966175601e-01,0.000000000000000000e+00
-6.408414217140461222e-01,0.000000000000000000e+00,7.676732848129600439e-01,0.000000000000000000e+00,1.000000000000000000e+00,0.000000000000000000e+00,-7.676732848129600439e-01,0.000000000000000000e+00,-6.408414217140461222e-01,9.119746786741572686e-01,0.000000000000000000e+00,3.635253814672917971e-01,0.000000000000000000e+00
-6.430520694266267379e-01,0.000000000000000000e+00,7.658224572354436210e-01,0.000000000000000000e+00,1.000000000000000000e+00,0.000000000000000000e+00,-7.658224572354436210e-01,0.000000000000000000e+00,-6.430520694266267379e-01,9.154016178731574360e-01,0.000000000000000000e+00,3.616630866453839355e-01,0.000000000000000000e+00
-6.452202307870767983e-01,0.000000000000000000e+00,7.639966320495603647e-01,0.000000000000000000e+00,1.000000000000000000e+00,0.000000000000000000e+00,-7.639966320495603647e-01,0.000000000000000000e+00,-6.452202307870767983e-01,9.187655247504269429e-01,0.000000000000000000e+00,3.598225690745160410e-01,0.000000000000000000e+00
-6.473459686365120591e-01,0.000000000000000000e+00,7.621962981345788979e-01,0.000000000000000000e+00,1.000000000000000000e+00,0.000000000000000000e+00,-7.621962981345788979e-01,0.000000000000000000e+00,-6.473459686365120591e-01,9.220663517299847456e-01,0.000000000000000000e+00,3.580044938429775558e-01,0.000000000000000000e+00
-6.494293578690464308e-01,0.000000000000000000e+00,7.604219283646401761e-01,0.000000000000000000e+00,1.000000000000000000e+00,0.000000000000000000e+00,-7.604219283646401761e-01,0.000000000000000000e+00,-6.494293578690464308e-01,9.253040715039148045e-01,0.000000000000000000e+00,3.562095080433638206e-01,0.000000000000000000e+00
-6.514704853118274963e-01,0.000000000000000000e+00,7.586739792345404965e-01,0.000000000000000000e+00,1.000000000000000000e+00,0.000000000000000000e+00,-7.586739792345404965e-01,0.000000000000000000e+00,-6.514704853118274963e-01,9.284786769734940659e-01,0.000000000000000000e+00,3.544382402442358693e-01,0.000000000000000000e+00
-6.534694496095073690e-01,0.000000000000000000e+00,7.569528904938850333e-01,0.000000000000000000e+00,1.000000000000000000e+00,0.000000000000000000e+00,-7.569528904938850333e-01,0.000000000000000000e+00,-6.534694496095073690e-01,9.315901811939588661e-01,0.000000000000000000e+00,3.526912999740676735e-01,0.000000000000000000e+00
-6.554263611135836554e-01,0.000000000000000000e+00,7.552590847897204807e-01,0.000000000000000000e+00,1.000000000000000000e+00,0.000000000000000000e+00,-7.552590847897204807e-01,0.000000000000000000e+00,-6.554263611135836554e-01,9.346386173234603190e-01,0.000000000000000000e+00,3.509692772177407383e-01,0.000000000000000000e+00
-6.573413417770359590e-01,0.000000000000000000e+00,7.535929673177463872e-01,0.000000000000000000e+00,1.000000000000000000e+00,0.000000000000000000e+00,-7.535929673177463872e-01,0.000000000000000000e+00,-6.573413417770359590e-01,9.376240385767423691e-01,0.000000000000000000e+00,3.492727419258325749e-01,0.000000000000000000e+00
-6.592145250546785906e-01,0.000000000000000000e+00,7.519549254821957796e-01,0.000000000000000000e+00,1.000000000000000000e+00,0.000000000000000000e+00,-7.519549254821957796e-01,0.000000000000000000e+00,-6.592145250546785906e-01,9.405465181840814148e-01,0.000000000000000000e+00,3.476022435369304775e-01,0.000000000000000000e+00
-6.610460558096380446e-01,0.000000000000000000e+00,7.503453285644688942e-01,0.000000000000000000e+00,1.000000000000000000e+00,0.000000000000000000e+00,-7.503453285644688942e-01,0.000000000000000000e+00,-6.610460558096380446e-01,9.434061493560002010e-01,0.000000000000000000e+00,3.459583105131930347e-01,0.000000000000000000e+00
-6.628360902263508159e-01,0.000000000000000000e+00,7.487645274006006213e-01,0.000000000000000000e+00,1.000000000000000000e+00,0.000000000000000000e+00,-7.487645274006006213e-01,0.000000000000000000e+00,-6.628360902263508159e-01,9.462030452542649073e-01,0.000000000000000000e+00,3.443414498893706543e-01,0.000000000000000000e+00
-6.645847957304727993e-01,0.000000000000000000e+00,7.472128540676249431e-01,0.000000000000000000e+00,1.000000000000000000e+00,0.000000000000000000e+00,-7.472128540676249431e-01,0.000000000000000000e+00,-6.645847957304727993e-01,9.489373389696648120e-01,0.000000000000000000e+00,3.427521468354742806e-01,0.000000000000000000e+00
-6.662923509160804114e-01,0.000000000000000000e+00,7.456906215788976500e-01,0.000000000000000000e+00,1.000000000000000000e+00,0.000000000000000000e+00,-7.456906215788976500e-01,0.000000000000000000e+00,-6.662923509160804114e-01,9.516091835070599192e-01,0.000000000000000000e+00,3.411908642332757147e-01,0.000000000000000000e+00
-6.679589454805187065e-01,0.000000000000000000e+00,7.441981235884388424e-01,0.000000000000000000e+00,1.000000000000000000e+00,0.000000000000000000e+00,-7.441981235884388424e-01,0.000000000000000000e+00,-6.679589454805187065e-01,9.542187517781562933e-01,0.000000000000000000e+00,3.396580422668156740e-01,0.000000000000000000e+00
-6.695847801672579758e-01,0.000000000000000000e+00,7.427356341043324095e-01,0.000000000000000000e+00,1.000000000000000000e+00,0.000000000000000000e+00,-7.427356341043324095e-01,0.000000000000000000e+00,-6.695847801672579758e-01,9.567662366024733966e-01,0.000000000000000000e+00,3.381540980270659746e-01,0.000000000000000000e+00
-6.711700667170876766e-01,0.000000000000000000e+00,7.413034072112308914e-01,0.000000000000000000e+00,1.000000000000000000e+00,0.000000000000000000e+00,-7.413034072112308914e-01,0.000000000000000000e+00,-6.711700667170876766e-01,9.592518507169304209e-01,0.000000000000000000e+00,3.366794251308979913e-01,0.000000000000000000e+00
-6.727150278279846463e-01,0.000000000000000000e+00,7.399016768019882617e-01,0.000000000000000000e+00,1.000000000000000000e+00,0.000000000000000000e+00,-7.399016768019882617e-01,0.000000000000000000e+00,-6.727150278279846463e-01,9.616758267944894856e-01,0.000000000000000000e+00,3.352343933544777999e-01,0.000000000000000000e+00
-6.742198971239500294e-01,0.000000000000000000e+00,7.385306563184566020e-01,0.000000000000000000e+00,1.000000000000000000e+00,0.000000000000000000e+00,-7.385306563184566020e-01,0.000000000000000000e+00,-6.742198971239500294e-01,9.640384174722389510e-01,0.000000000000000000e+00,3.338193482812138457e-01,0.000000000000000000e+00
-6.756849191331163462e-01,0.000000000000000000e+00,7.371905385014609902e-01,0.000000000000000000e+00,1.000000000000000000e+00,0.000000000000000000e+00,-7.371905385014609902e-01,0.000000000000000000e+00,-6.756849191331163462e-01,9.663398953893090892e-01,0.000000000000000000e+00,3.324346109643575575e-01,0.000000000000000000e+00
-6.771103492754056985e-01,0.000000000000000000e+00,7.358814951499583756e-01,0.000000000000000000e+00,1.000000000000000000e+00,0.000000000000000000e+00,-7.358814951499583756e-01,0.000000000000000000e+00,-6.771103492754056985e-01,9.685805532349976987e-01,0.000000000000000000e+00,3.310804776043398401e-01,0.000000000000000000e+00
-6.784964538599876915e-01,0.000000000000000000e+00,7.346036768893969837e-01,0.000000000000000000e+00,1.000000000000000000e+00,0.000000000000000000e+00,-7.346036768893969837e-01,0.000000000000000000e+00,-6.784964538599876915e-01,9.707607038074224093e-01,0.000000000000000000e+00,3.297572192409305991e-01,0.000000000000000000e+00
-6.798435100927930907e-01,0.000000000000000000e+00,7.333572129492627045e-01,0.000000000000000000e+00,1.000000000000000000e+00,0.000000000000000000e+00,-7.333572129492627045e-01,0.000000000000000000e+00,-6.798435100927930907e-01,9.728806800830497314e-01,0.000000000000000000e+00,3.284650814602744218e-01,0.000000000000000000e+00
-6.811518060942974850e-01,0.000000000000000000e+00,7.321422109498103570e-01,0.000000000000000000e+00,1.000000000000000000e+00,0.000000000000000000e+00,-7.321422109498103570e-01,0.000000000000000000e+00,-6.811518060942974850e-01,9.749408352973820691e-01,0.000000000000000000e+00,3.272042841168538718e-01,0.000000000000000000e+00
-6.824216409277932271e-01,0.000000000000000000e+00,7.309587566979536266e-01,0.000000000000000000e+00,1.000000000000000000e+00,0.000000000000000000e+00,-7.309587566979536266e-01,0.000000000000000000e+00,-6.824216409277932271e-01,9.769415430371000131e-01,0.000000000000000000e+00,3.259750210704071005e-01,0.000000000000000000e+00
-6.836533246383218465e-01,0.000000000000000000e+00,7.298069139923034632e-01,0.000000000000000000e+00,1.000000000000000000e+00,0.000000000000000000e+00,-7.298069139923034632e-01,0.000000000000000000e+00,-6.836533246383218465e-01,9.788831973438915091e-01,0.000000000000000000e+00,3.247774599378300819e-01,0.000000000000000000e+00
-6.848471783024494552e-01,0.000000000000000000e+00,7.286867244373077535e-01,0.000000000000000000e+00,1.000000000000000000e+00,0.000000000000000000e+00,-7.286867244373077535e-01,0.000000000000000000e+00,-6.848471783024494552e-01,9.807662128302212512e-01,0.000000000000000000e+00,3.236117418600509277e-01,0.000000000000000000e+00
-6.860035340890179301e-01,0.000000000000000000e+00,7.275982072664676226e-01,0.000000000000000000e+00,1.000000000000000000e+00,0.000000000000000000e+00,-7.275982072664676226e-01,0.000000000000000000e+00,-6.860035340890179301e-01,9.825910248072231568e-01,0.000000000000000000e+00,3.224779812838788895e-01,0.000000000000000000e+00
-6.871227353310126462e-01,0.000000000000000000e+00,7.265413591745669697e-01,0.000000000000000000e+00,1.000000000000000000e+00,0.000000000000000000e+00,-7.265413591745669697e-01,0.000000000000000000e+00,-6.871227353310126462e-01,9.843580894249226443e-01,0.000000000000000000e+00,3.213762657587816429e-01,0.000000000000000000e+00
-6.882051366086390232e-01,0.000000000000000000e+00,7.255161541588750485e-01,0.000000000000000000e+00,1.000000000000000000e+00,0.000000000000000000e+00,-7.255161541588750485e-01,0.000000000000000000e+00,-6.882051366086390232e-01,9.860678838249163913e-01,0.000000000000000000e+00,3.203066557485625965e-01,0.000000000000000000e+00
-6.892511038436940352e-01,0.000000000000000000e+00,7.245225433692518147e-01,0.000000000000000000e+00,1.000000000000000000e+00,0.000000000000000000e+00,-7.245225433692518147e-01,0.000000000000000000e+00,-6.892511038436940352e-01,9.877209063056481275e-01,0.000000000000000000e+00,3.192691844578668392e-01,0.000000000000000000e+00
-6.902610144053021868e-01,0.000000000000000000e+00,7.235604549670768826e-01,0.000000000000000000e+00,1.000000000000000000e+00,0.000000000000000000e+00,-7.235604549670768826e-01,0.000000000000000000e+00,-6.902610144053021868e-01,9.893176765003885986e-01,0.000000000000000000e+00,3.182638576734316826e-01,0.000000000000000000e+00
-6.912352572270341611e-01,0.000000000000000000e+00,7.226297939929379188e-01,0.000000000000000000e+00,1.000000000000000000e+00,0.000000000000000000e+00,-7.226297939929379188e-01,0.000000000000000000e+00,-6.912352572270341611e-01,9.908587355679655539e-01,0.000000000000000000e+00,3.172906536199990857e-01,0.000000000000000000e+00
-6.921742329354446666e-01,0.000000000000000000e+00,7.217304422429671185e-01,0.000000000000000000e+00,1.000000000000000000e+00,0.000000000000000000e+00,-7.217304422429671185e-01,0.000000000000000000e+00,-6.921742329354446666e-01,9.923446463963205844e-01,0.000000000000000000e+00,3.163495228307536822e-01,0.000000000000000000e+00
-6.930783539900009504e-01,0.000000000000000000e+00,7.208622581537411644e-01,0.000000000000000000e+00,1.000000000000000000e+00,0.000000000000000000e+00,-7.208622581537411644e-01,0.000000000000000000e+00,-6.930783539900009504e-01,9.937759938188747144e-01,0.000000000000000000e+00,3.154403880321663411e-01,0.000000000000000000e+00
-6.939480448343789964e-01,0.000000000000000000e+00,7.200250766956264314e-01,0.000000000000000000e+00,1.000000000000000000e+00,0.000000000000000000e+00,-7.200250766956264314e-01,0.000000000000000000e+00,-6.939480448343789964e-01,9.951533848437082996e-01,0.000000000000000000e+00,3.145631440430798897e-01,0.000000000000000000e+00
-6.947837420590651236e-01,0.000000000000000000e+00,7.192187092744476429e-01,0.000000000000000000e+00,1.000000000000000000e+00,0.000000000000000000e+00,-7.192187092744476429e-01,0.000000000000000000e+00,-6.947837420590651236e-01,9.964774488955044918e-01,0.000000000000000000e+00,3.137176576878587531e-01,0.000000000000000000e+00
-6.955858945751789424e-01,0.000000000000000000e+00,7.184429436413500847e-01,0.000000000000000000e+00,1.000000000000000000e+00,0.000000000000000000e+00,-7.184429436413500847e-01,0.000000000000000000e+00,-6.955858945751789424e-01,9.977488380701741155e-01,0.000000000000000000e+00,3.129037677234088322e-01,0.000000000000000000e+00
-6.963549637994075336e-01,0.000000000000000000e+00,7.176975438107098260e-01,0.000000000000000000e+00,1.000000000000000000e+00,0.000000000000000000e+00,-7.176975438107098260e-01,0.000000000000000000e+00,-6.963549637994075336e-01,9.989682274020645902e-01,0.000000000000000000e+00,3.121212847798431889e-01,0.000000000000000000e+00
-6.970914238499181792e-01,0.000000000000000000e+00,7.169822499859349607e-01,0.000000000000000000e+00,1.000000000000000000e+00,0.000000000000000000e+00,-7.169822499859349607e-01,0.000000000000000000e+00,-6.970914238499181792e-01,1.000136315143609345e+00,0.000000000000000000e+00,3.113699913145524523e-01,0.000000000000000000e+00
-6.977957617530868850e-01,0.000000000000000000e+00,7.162967784929855641e-01,0.000000000000000000e+00,1.000000000000000000e+00,0.000000000000000000e+00,-7.162967784929855641e-01,0.000000000000000000e+00,-6.977957617530868850e-01,1.001253823057255410e+00,0.000000000000000000e+00,3.106496415794053889e-01,0.000000000000000000e+00
-6.984684776608546253e-01,0.000000000000000000e+00,7.156408217214332845e-01,0.000000000000000000e+00,1.000000000000000000e+00,0.000000000000000000e+00,-7.156408217214332845e-01,0.000000000000000000e+00,-6.984684776608546253e-01,1.002321496719462024e+00,0.000000000000000000e+00,3.099599616007928660e-01,0.000000000000000000e+00
-6.991100850784975895e-01,0.000000000000000000e+00,7.150140480728583992e-01,0.000000000000000000e+00,1.000000000000000000e+00,0.000000000000000000e+00,-7.150140480728583992e-01,0.000000000000000000e+00,-6.991100850784975895e-01,1.003340105836546758e+00,0.000000000000000000e+00,3.093006491721905782e-01,0.000000000000000000e+00
-6.997211111025694041e-01,0.000000000000000000e+00,7.144161019163732806e-01,0.000000000000000000e+00,1.000000000000000000e+00,0.000000000000000000e+00,-7.144161019163732806e-01,0.000000000000000000e+00,-6.997211111025694041e-01,1.004310444572108052e+00,0.000000000000000000e+00,3.086713738588948708e-01,0.000000000000000000e+00
-7.003020966687437676e-01,0.000000000000000000e+00,7.138466035510440122e-01,0.000000000000000000e+00,1.000000000000000000e+00,0.000000000000000000e+00,-7.138466035510440122e-01,0.000000000000000000e+00,-7.003020966687437676e-01,1.005233331885732051e+00,0.000000000000000000e+00,3.080717770145561252e-01,0.000000000000000000e+00
-7.008535968092618473e-01,0.000000000000000000e+00,7.133051491749661244e-01,0.000000000000000000e+00,1.000000000000000000e+00,0.000000000000000000e+00,-7.133051491749661244e-01,0.000000000000000000e+00,-7.008535968092618473e-01,1.006109611882651134e+00,0.000000000000000000e+00,3.075014718091086396e-01,0.000000000000000000e+00
-7.013761809196633612e-01,0.000000000000000000e+00,7.127913108607227821e-01,0.000000000000000000e+00,1.000000000000000000e+00,0.000000000000000000e+00,-7.127913108607227821e-01,0.000000000000000000e+00,-7.013761809196633612e-01,1.006940154174006841e+00,0.000000000000000000e+00,3.069600432676478086e-01,0.000000000000000000e+00
-7.018704330344465170e-01,0.000000000000000000e+00,7.123046365369514188e-01,0.000000000000000000e+00,1.000000000000000000e+00,0.000000000000000000e+00,-7.123046365369514188e-01,0.000000000000000000e+00,-7.018704330344465170e-01,1.007725854247312425e+00,0.000000000000000000e+00,3.064470483197998529e-01,0.000000000000000000e+00
-7.023369521112636793e-01,0.000000000000000000e+00,7.118446499757236090e-01,0.000000000000000000e+00,1.000000000000000000e+00,0.000000000000000000e+00,-7.118446499757236090e-01,0.000000000000000000e+00,-7.023369521112636793e-01,1.008467633846683142e+00,0.000000000000000000e+00,3.059620158590841132e-01,0.000000000000000000e+00
-7.027763523232576359e-01,0.000000000000000000e+00,7.114108507854068897e-01,0.000000000000000000e+00,1.000000000000000000e+00,0.000000000000000000e+00,-7.114108507854068897e-01,0.000000000000000000e+00,-7.027763523232576359e-01,1.009166441362387312e+00,0.000000000000000000e+00,3.055044468117254497e-01,0.000000000000000000e+00
-7.031892633591051434e-01,0.000000000000000000e+00,7.110027144086575879e-01,0.000000000000000000e+00,1.000000000000000000e+00,0.000000000000000000e+00,-7.110027144086575879e-01,0.000000000000000000e+00,-7.031892633591051434e-01,1.009823252229248514e+00,0.000000000000000000e+00,3.050738142143329945e-01,0.000000000000000000e+00
-7.035763307302623781e-01,0.000000000000000000e+00,7.106196921252185827e-01,0.000000000000000000e+00,1.000000000000000000e+00,0.000000000000000000e+00,-7.106196921252185827e-01,0.000000000000000000e+00,-7.035763307302623781e-01,1.010439069333307183e+00,0.000000000000000000e+00,3.046695632998795977e-01,0.000000000000000000e+00
-7.039382160849636527e-01,0.000000000000000000e+00,7.102612110590855732e-01,0.000000000000000000e+00,1.000000000000000000e+00,0.000000000000000000e+00,-7.102612110590855732e-01,0.000000000000000000e+00,-7.039382160849636527e-01,1.011014923426270196e+00,0.000000000000000000e+00,3.042911115912820819e-01,0.000000000000000000e+00
-7.042755975284119563e-01,0.000000000000000000e+00,7.099266741896645971e-01,0.000000000000000000e+00,1.000000000000000000e+00,0.000000000000000000e+00,-7.099266741896645971e-01,0.000000000000000000e+00,-7.042755975284119563e-01,1.011551873547100300e+00,0.000000000000000000e+00,3.039378490019316592e-01,0.000000000000000000e+00
-7.045891699486179771e-01,0.000000000000000000e+00,7.096154603664702742e-01,0.000000000000000000e+00,1.000000000000000000e+00,0.000000000000000000e+00,-7.096154603664702742e-01,0.000000000000000000e+00,-7.045891699486179771e-01,1.012051007450148532e+00,0.000000000000000000e+00,3.036091379424319392e-01,0.000000000000000000e+00
-7.048796453472973012e-01,0.000000000000000000e+00,7.093269243269061386e-01,0.000000000000000000e+00,1.000000000000000000e+00,0.000000000000000000e+00,-7.093269243269061386e-01,0.000000000000000000e+00,-7.048796453472973012e-01,1.012513442039168154e+00,0.000000000000000000e+00,3.033043134327786383e-01,0.000000000000000000e+00
-7.051477531752111672e-01,0.000000000000000000e+00,7.090603967166347887e-01,0.000000000000000000e+00,1.000000000000000000e+00,0.000000000000000000e+00,-7.090603967166347887e-01,0.000000000000000000e+00,-7.051477531752111672e-01,1.012940323806527543e+00,0.000000000000000000e+00,3.030226832191626474e-01,0.000000000000000000e+00
-7.053942406713031854e-01,0.000000000000000000e+00,7.088151841120191587e-01,0.000000000000000000e+00,1.000000000000000000e+00,0.000000000000000000e+00,-7.088151841120191587e-01,0.000000000000000000e+00,-7.053942406713031854e-01,1.013332829276901936e+00,0.000000000000000000e+00,3.027635278945360331e-01,0.000000000000000000e+00
-7.056198732049600020e-01,0.000000000000000000e+00,7.085905690440821303e-01,0.000000000000000000e+00,1.000000000000000000e+00,0.000000000000000000e+00,-7.085905690440821303e-01,0.000000000000000000e+00,-7.056198732049600020e-01,1.013692165454700200e+00,0.000000000000000000e+00,3.025261010220284819e-01,0.000000000000000000e+00
-7.058254346206697116e-01,0.000000000000000000e+00,7.083858100234240451e-01,0.000000000000000000e+00,1.000000000000000000e+00,0.000000000000000000e+00,-7.083858100234240451e-01,0.000000000000000000e+00,-7.058254346206697116e-01,1.014019570274416582e+00,0.000000000000000000e+00,3.023096292602748258e-01,0.000000000000000000e+00
-7.060117275843724727e-01,0.000000000000000000e+00,7.082001415654545218e-01,0.000000000000000000e+00,1.000000000000000000e+00,0.000000000000000000e+00,-7.082001415654545218e-01,0.000000000000000000e+00,-7.060117275843724727e-01,1.014316313053140739e+00,0.000000000000000000e+00,3.021133124896134836e-01,0.000000000000000000e+00
-7.061795739307016317e-01,0.000000000000000000e+00,7.080327742153273984e-01,0.000000000000000000e+00,1.000000000000000000e+00,0.000000000000000000e+00,-7.080327742153273984e-01,0.000000000000000000e+00,-7.061795739307016317e-01,1.014583694944327652e+00,0.000000000000000000e+00,3.019363239381293029e-01,0.000000000000000000e+00
-7.063298150103312079e-01,0.000000000000000000e+00,7.078828945718855792e-01,0.000000000000000000e+00,1.000000000000000000e+00,0.000000000000000000e+00,-7.078828945718855792e-01,0.000000000000000000e+00,-7.063298150103312079e-01,1.014823049391974319e+00,0.000000000000000000e+00,3.017778103064120421e-01,0.000000000000000000e+00
-7.064633120365964025e-01,0.000000000000000000e+00,7.077496653099051294e-01,0.000000000000000000e+00,1.000000000000000000e+00,0.000000000000000000e+00,-7.077496653099051294e-01,0.000000000000000000e+00,-7.064633120365964025e-01,1.015035742584289302e+00,0.000000000000000000e+00,3.016368918898640894e-01,0.000000000000000000e+00
-7.065809464305288223e-01,0.000000000000000000e+00,7.076322251998831137e-01,0.000000000000000000e+00,1.000000000000000000e+00,0.000000000000000000e+00,-7.076322251998831137e-01,0.000000000000000000e+00,-7.065809464305288223e-01,1.015223173905914544e+00,0.000000000000000000e+00,3.015126626973287371e-01,0.000000000000000000e+00
-7.066836201633995840e-01,0.000000000000000000e+00,7.075296891245992370e-01,0.000000000000000000e+00,1.000000000000000000e+00,0.000000000000000000e+00,-7.075296891245992370e-01,0.000000000000000000e+00,-7.066836201633995840e-01,1.015386776387709133e+00,0.000000000000000000e+00,3.014041905647711350e-01,0.000000000000000000e+00
-7.067722560958431544e-01,0.000000000000000000e+00,7.074411480916217299e-01,0.000000000000000000e+00,1.000000000000000000e+00,0.000000000000000000e+00,-7.074411480916217299e-01,0.000000000000000000e+00,-7.067722560958431544e-01,1.015528017153085383e+00,0.000000000000000000e+00,3.013105172626667771e-01,0.000000000000000000e+00
-7.068477983126244535e-01,0.000000000000000000e+00,7.073656692408781810e-01,0.000000000000000000e+00,1.000000000000000000e+00,0.000000000000000000e+00,-7.073656692408781810e-01,0.000000000000000000e+00,-7.068477983126244535e-01,1.015648397859886698e+00,0.000000000000000000e+00,3.012306585956786575e-01,0.000000000000000000e+00
-7.069112124520258167e-01,0.000000000000000000e+00,7.073022958464130205e-01,0.000000000000000000e+00,1.000000000000000000e+00,0.000000000000000000e+00,-7.073022958464130205e-01,0.000000000000000000e+00,-7.069112124520258167e-01,1.015749455136690127e+00,0.000000000000000000e+00,3.011636044931864098e-01,0.000000000000000000e+00
-7.069634860288490641e-01,0.000000000000000000e+00,7.072500473113715325e-01,0.000000000000000000e+00,1.000000000000000000e+00,0.000000000000000000e+00,-7.072500473113715325e-01,0.000000000000000000e+00,-7.069634860288490641e-01,1.015832761012454011e+00,0.000000000000000000e+00,3.011083190891231109e-01,0.000000000000000000e+00
-7.070056287499622005e-01,0.000000000000000000e+00,7.072079191552301802e-01,0.000000000000000000e+00,1.000000000000000000e+00,0.000000000000000000e+00,-7.072079191552301802e-01,0.000000000000000000e+00,-7.070056287499622005e-01,1.015899923338358990e+00,0.000000000000000000e+00,3.010637407895344064e-01,0.000000000000000000e+00
-7.070386728213067240e-01,0.000000000000000000e+00,7.071748829922378521e-01,0.000000000000000000e+00,1.000000000000000000e+00,0.000000000000000000e+00,-7.071748829922378521e-01,0.000000000000000000e+00,-7.070386728213067240e-01,1.015952586200677521e+00,0.000000000000000000e+00,3.010287823261966200e-01,0.000000000000000000e+00
-7.070636732452220130e-01,0.000000000000000000e+00,7.071498865000077627e-01,0.000000000000000000e+00,1.000000000000000000e+00,0.000000000000000000e+00,-7.071498865000077627e-01,0.000000000000000000e+00,-7.070636732452220130e-01,1.015992430323437778e+00,0.000000000000000000e+00,3.010023307945824955e-01,0.000000000000000000e+00
-7.070817081069403764e-01,0.000000000000000000e+00,7.071318533771276948e-01,0.000000000000000000e+00,1.000000000000000000e+00,0.000000000000000000e+00,-7.071318533771276948e-01,0.000000000000000000e+00,-7.070817081069403764e-01,1.016021173459674243e+00,0.000000000000000000e+00,3.009832476743643515e-01,0.000000000000000000e+00
-7.070938788490244153e-01,0.000000000000000000e+00,7.071196832886503802e-01,0.000000000000000000e+00,1.000000000000000000e+00,0.000000000000000000e+00,-7.071196832886503802e-01,0.000000000000000000e+00,-7.070938788490244153e-01,1.016040570769930262e+00,0.000000000000000000e+00,3.009703688306178959e-01,0.000000000000000000e+00
-7.071013105325512083e-01,0.000000000000000000e+00,7.071122517982194600e-01,0.000000000000000000e+00,1.000000000000000000e+00,0.000000000000000000e+00,-7.071122517982194600e-01,0.000000000000000000e+00,-7.071013105325512083e-01,1.016052415186766700e+00,0.000000000000000000e+00,3.009625044937562777e-01,0.000000000000000000e+00
-7.071051520837126070e-01,0.000000000000000000e+00,7.071084102856292075e-01,0.000000000000000000e+00,1.000000000000000000e+00,0.000000000000000000e+00,-7.071084102856292075e-01,0.000000000000000000e+00,-7.071051520837126070e-01,1.016058537763832925e+00,0.000000000000000000e+00,3.009584392162431565e-01,0.000000000000000000e+00
-7.071065765245676538e-01,0.000000000000000000e+00,7.071069858484682058e-01,0.000000000000000000e+00,1.000000000000000000e+00,0.000000000000000000e+00,-7.071069858484682058e-01,0.000000000000000000e+00,-7.071065765245676538e-01,1.016060808008183880e+00,0.000000000000000000e+00,3.009569318039582719e-01,0.000000000000000000e+00
-7.071067811865474617e-01,0.000000000000000000e+00,7.071067811865475727e-01,0.000000000000000000e+00,1.000000000000000000e+00,0.000000000000000000e+00,-7.071067811865475727e-01,0.000000000000000000e+00,-7.071067811865474617e-01,1.016061134194337301e+00,0.000000000000000000e+00,3.009567152201160223e-01,0.000000000000000000e+00
